"","2019-12-29","2019-12-31","2020-01-01","2020-01-03","2020-01-05","2020-01-07","2020-01-09","2020-01-12","2020-01-15","2020-01-19","2020-01-21","2020-01-24","2020-01-26","2020-01-28"
"B-2-10",11593.435,0,11593.435,0,11593.435,1016.35,2673.475,5080.88,7085.98,13472.1,4797.3,29809.4,32717.8,30874.5
"B-2-11",10515.0286363636,0,10515.0286363636,0,10515.0286363636,239.122,934.003,3658.23,4388.6,10360.6,5614.61,22742.4,30610.3,37117.45
"B-2-12",9004.6585,0,9004.6585,0,9004.6585,228.655,809.0985,1689.13,1249.88,4290.81,6272.62,19139.9,27691.6,37679.55
"B-2-1",4855.79518181818,0,4855.79518181818,0,4855.79518181818,0,0,84.238,320.699,1714.8,2480.42,9150.64,17348.9,22314.05
"B-2-2",11724.2277272727,0,11724.2277272727,0,11724.2277272727,864.88,1972.995,4143.13,5481.44,9927.96,12534.7,25586.1,29843,38612.3
"B-2-3",7243.8765,0,7243.8765,58.048,7243.8765,388.483,929.0505,2289.58,4197.08,8479.53,8021.67,13894.2,19026,22399
"B-2-4",13018.865,0,13018.865,0,13018.865,494.55,2254.515,5469.82,5833.93,11067.5,13256.6,26427.9,34855.2,43547.5
"B-2-5",14202.8555,168.1735,14202.8555,178.287,14202.8555,1494.29,4241.44,6692.23,5690.94,10451.6,6719.35,23187,44883.2,52524.9
"B-2-6",7066.01663636364,0,7066.01663636364,0,7066.01663636364,0,223.097,849.216,1878.12,4906,7547,15578.2,20903.7,25840.85
"B-2-8",9867.41890909091,0,9867.41890909091,0,9867.41890909091,74.647,705.371,1883.38,3147.4,9043.3,7407.01,18942.4,28287.4,39050.7
"B-2-9",12416.3201818182,0,12416.3201818182,0,12416.3201818182,340.813,961.219,2197.19,4892.92,10271.9,9537.23,26821.6,36195,45361.65
"B-2-22",4615.88,0,4615.88,0,4615.88,789.56,1145.07,2316.85,2565.01,5481.35,5327.43,8277.11,10530.4,14341.9
"B-2-23",7224.96818181818,0,7224.96818181818,0,7224.96818181818,180.677,757.793,3098.39,3044.9,9169.63,6507.11,10821.4,20353.9,25540.85
"B-2-24",4560.66609090909,0,4560.66609090909,0,4560.66609090909,84.472,1107.115,2245.69,2249.41,3586.84,4117.83,9379.47,11535.2,15861.3
"B-2-13",9107.00127272727,0,9107.00127272727,0,9107.00127272727,473.719,1421.945,2199.15,4462.8,9247.13,6474.77,19476.4,25677.6,30743.5
"B-2-14",8635.52963636364,0,8635.52963636364,0,8635.52963636364,905.521,1387.105,3114.81,3538.37,8520.75,6939.22,15020.4,24039.5,31525.15
"B-2-15",10132.1615909091,0,10132.1615909091,0,10132.1615909091,111.021,842.6465,2855.34,4361.84,9459.58,11109.4,19191,28029,35493.95
"B-2-16",6915.96313636364,0,6915.96313636364,0,6915.96313636364,98.847,418.1875,1770.25,2870.48,7630.68,5558.55,14441.9,18945.8,24340.9
"B-2-17",5576.15609090909,0,5576.15609090909,0,5576.15609090909,625.797,1185.8,2249.55,2358.03,4333.38,3849.56,10616.6,15673.8,20445.2
"B-2-18",6997.70745454546,0,6997.70745454546,0,6997.70745454546,258.897,1068.345,2368.73,2982.01,6846.94,4622.76,12326.4,19226.9,27273.8
"B-2-20",6108.86909090909,0,6108.86909090909,0,6108.86909090909,0,240.35,1732.15,1929.86,5787.4,6477.7,13734.5,17470.3,19825.3
"B-2-21",10670.0302727273,0,10670.0302727273,232.876,10670.0302727273,746.392,2974.585,5358.71,8329.52,12574.8,12605.4,23718.3,24272.4,26557.35
"B-2-35",7690.59627272727,0,7690.59627272727,0,7690.59627272727,358.244,1787.19,4474.77,3812.51,8374.295,6291.85,16248.8,20279.9,22969
"B-2-36",11812.9771363636,0,11812.9771363636,0,11812.9771363636,163.847,940.9015,3351.69,7204.32,12066.35,5837.19,26411.9,32662.8,41303.75
"B-2-25",1334.271,0,1334.271,0,1334.271,0,0,23.2075,0,192.2175,113.411,2694.26,4449.3,7204.585
"B-2-26",19449.86,0,19449.86,0,19449.86,1931.64,3856.52,7516.15,11433.2,21636.5,21212.5,41354,46900.2,58107.75
"B-2-27",9915.11945454545,0,9915.11945454545,0,9915.11945454545,0,90.514,1355.515,2842.31,8067.325,10092.4,20420.6,27802.9,38394.75
"B-2-28",7774.88868181818,0,7774.88868181818,0,7774.88868181818,65.718,929.0225,2699.935,2805.57,5715.83,7055.45,20465.7,19287.2,26499.35
"B-2-29",16946.7309090909,0,16946.7309090909,58.93,16946.7309090909,1863.49,4345.09,7851.08,12241.4,19828.75,12171.3,34380.2,41449.6,52224.2
"B-2-30",16357.045,0,16357.045,0,16357.045,1715.76,4617.305,8905.88,14909.7,21295.6,14884.8,27436.4,41185,44977.05
"B-2-31",10828.1805454545,0,10828.1805454545,62.961,10828.1805454545,2545.06,3803.175,6241.74,7524.15,11944.85,15692.3,21440.1,23824.4,26031.25
"B-2-32",9122.39427272727,0,9122.39427272727,70.586,9122.39427272727,940.346,1968.6,4870.345,3146.58,8269.03,10340.6,19188.5,23777.8,27773.95
"B-2-33",16600.3640909091,0,16600.3640909091,0,16600.3640909091,1985.46,2867.025,5077.82,6995.05,12265.25,13631.7,34032.6,46665.4,59083.7
"B-2-46",10033.5287272727,0,10033.5287272727,101.31,10033.5287272727,987.216,1808.465,2559.91,3890.27,10110.565,9659.13,19777.1,27830.4,33644.45
"B-2-47",18983.5906363636,0,18983.5906363636,72.682,18983.5906363636,2733.88,4953.185,8571.7,11175.2,20820.6,20787.3,38702.9,47814.7,53187.35
"B-2-48",19881.281,0,19881.281,647.941,19881.281,5251.84,9623.01,13444.2,12451.2,18585.5,21731.1,36955.4,42018.5,57985.4
"B-2-37",8733.81813636364,0,8733.81813636364,0,8733.81813636364,106.931,240.7235,1282.7,3102.91,7822.755,4870.38,20157,26064.6,32424
"B-2-38",3654.079,0,3654.079,0,3654.079,0,0,0,521.194,2114.645,1805.74,8319.34,12438.3,14995.65
"B-2-39",4372.922,0,4372.922,0,4372.922,0,56.443,321.553,495.376,2325.2,1843.92,8880.7,13457.4,20721.55
"B-2-41",8906.28245454546,0,8906.28245454546,0,8906.28245454546,171.287,1449.79,3539.83,4253.15,8748.41,8628.89,17375.1,24790.7,29011.95
"B-2-42",13154.8191818182,0,13154.8191818182,0,13154.8191818182,958.001,2926.34,6276.99,7690.78,14125.75,13814.3,27758.8,32642.3,38509.75
"B-2-43",15095.3193636364,0,15095.3193636364,182.798,15095.3193636364,2579.97,5782.625,7732.12,12038.9,15880.5,15721.2,30866.2,36053.5,39210.7
"B-2-44",2533.16972727273,0,2533.16972727273,0,2533.16972727273,0,261.751,214.543,675.598,1724.875,1131.31,5357.67,8287.82,10211.3
"B-2-45",3130.37,0,3130.37,0,3130.37,167.38,413.971,750.324,813.44,2649.885,1841.46,6960.19,8836.32,12001.1
"B-2-58",15938.6244545455,0,15938.6244545455,63.744,15938.6244545455,2800.73,5854.42,9427.225,11403.9,17801.9,19608.8,33056.15,36766.7,38541.3
"B-2-59",7770.67390909091,0,7770.67390909091,0,7770.67390909091,0,47.267,554.256,1377.16,3410.1,4018.38,18388.35,24913.6,32768.3
"B-2-60",9740.83831818182,0,9740.83831818182,0,9740.83831818182,407.3715,1730.085,3367.375,3763.56,7756.18,11262.5,17734.9,27492.8,33634.45
"B-2-50",4941.94122727273,0,4941.94122727273,0,4941.94122727273,106.439,407.869,604.6755,1569.9,3813.55,5514.24,10061.78,13397.4,18885.5
"B-2-51",11741.1685454545,0,11741.1685454545,83.299,11741.1685454545,1424.705,3324.42,5021.56,7044.47,12992.5,10925.7,23189.6,30643.6,34503
"B-2-52",13406.7636363636,0,13406.7636363636,0,13406.7636363636,1525.285,2245.805,3959.78,4303.08,12110.6,13387,26712.3,36918.5,46312.05
"B-2-53",22080.0868181818,0,22080.0868181818,0,22080.0868181818,2584.71,3807.885,7763.21,12553.1,24073.9,21272.1,48937,57119.5,64769.55
"B-2-54",14477.2816363636,0,14477.2816363636,163.648,14477.2816363636,1713.225,2974.23,6499.445,7802.4,14504.1,12135.7,28169.1,35123.8,50164.45
"B-2-55",8643.07627272727,0,8643.07627272727,200.334,8643.07627272727,1081.19,2577.855,4988.97,6506.29,9192,10840.1,14486.7,20494.2,24706.2
"B-2-56",16156.4050454545,0,16156.4050454545,0,16156.4050454545,887.7855,2264.345,3864.055,5730.07,14072.3,12195.9,33043.9,47913.6,57748.5
"B-2-57",11266.2349545455,0,11266.2349545455,0,11266.2349545455,482.3695,1717.595,3869.16,4271.91,10355.7,11489.5,21745.8,30277.3,39719.25
"B-2-70",7224.424,0,7224.424,0,7224.424,503.255,1120.085,2292.51,3764.79,7323.4,7224.424,13058.3,19961.3,24220.6
"B-2-71",3561.2168,0,3561.2168,0,3561.2168,0,0,0,149.848,1510.88,3561.2168,7910.08,9915.51,16125.85
"B-2-72",13867.6191,0,13867.6191,56.016,13867.6191,843.08,2853.285,5790.76,6808.25,13710,13867.6191,30286.9,36223.5,42104.4
"B-2-61",4381.0302,0,4381.0302,0,4381.0302,127.741,241.691,1000.51,1368.93,4000.98,4381.0302,8746.3,12232.4,16091.75
"B-2-62",8960.734,0,8960.734,0,8960.734,1191.68,3931.46,6326.12,5252.15,8626.43,8960.734,15240.7,21682.5,27356.3
"B-2-63",9351.4105,0,9351.4105,0,9351.4105,1993.31,3313.805,5501.67,6072.52,9493.35,9351.4105,17960.9,22772.1,26406.45
"B-2-64",14344.7865,0,14344.7865,0,14344.7865,1706.17,4174.065,6879.64,9734.84,17124.9,14344.7865,29944.8,36316.9,37566.55
"B-2-65",15935.0035,0,15935.0035,0,15935.0035,1215.29,2662.095,4796.01,5644.44,12569.6,15935.0035,29831.6,46530,56101
"B-2-66",4281.1033,0,4281.1033,0,4281.1033,214.332,541.051,1250.99,1294.81,2805.04,4281.1033,6495.11,14859,15350.7
"B-2-67",6323.9395,0,6323.9395,0,6323.9395,318.235,1540.62,3491.43,3675.41,7292.45,6323.9395,11942.8,15345.7,19632.75
"B-2-69",2772.055,0,2772.055,0,2772.055,0,0,0,319.49,1226.97,2772.055,6253.23,7913.71,12007.15
"B-2-82",8738.4095,0,8738.4095,0,8738.4095,273.45,1346.51,3670.56,3633.745,9043.93,8738.4095,16588.5,23586.8,29240.6
"B-2-83",10246.1745,0,10246.1745,1419.73,10246.1745,2970.03,5735.72,8294.955,4902.33,9633.43,10246.1745,14972.4,25642.05,28891.1
"B-2-84",12960.4945,0,12960.4945,0,12960.4945,11448.8,13082.25,16031.7,6981.495,11374.9,12960.4945,19795.25,23769.85,27120.7
"B-2-74",10970.1631,0,10970.1631,0,10970.1631,321.089,798.457,2213.345,3221.15,8672.49,10970.1631,21946.1,33891.2,38637.8
"B-2-76",15353.979,0,15353.979,0,15353.979,1595.66,4451.575,8592.315,7529.94,15810.2,15353.979,29580.95,39681.55,46297.6
"B-2-77",3955.21145,0,3955.21145,0,3955.21145,0,76.097,908.7075,1593.76,3399.29,3955.21145,7138.76,11970.5,14465
"B-2-79",5964.49635,0,5964.49635,0,5964.49635,140.904,378.6595,1092.385,1353.935,3925.63,5964.49635,11993.1,17682.45,23077.9
"B-2-80",5412.8716,0,5412.8716,0,5412.8716,315.522,600.702,1003.797,2054.185,3396.92,5412.8716,7973.59,14760.4,24023.6
"B-2-81",9757.0325,0,9757.0325,0,9757.0325,376.54,1699.54,4815.715,4347.63,11226.9,9757.0325,18668.35,25640.15,30795.5
"B-2-94",10964.20065,0,10964.20065,187.1765,10964.20065,1633.72,3669.24,4221.37,6681.85,13858.25,10964.20065,20504.7,28892.5,29993.2
"B-2-95",15499.84305,0,15499.84305,357.7105,15499.84305,1658.97,3436.475,5342.465,7089.76,13098.25,15499.84305,30905.4,42652.4,50457
"B-2-96",5799.14595,0,5799.14595,0,5799.14595,328.966,979.9235,2427.42,4454.04,8353.71,5799.14595,10944.8,13824.3,16678.3
"B-2-85",9962.4816,0,9962.4816,0,9962.4816,391.116,1381.885,3571.005,3306.8,8524.51,9962.4816,18452.2,26445.1,37552.2
"B-2-86",6926.4731,0,6926.4731,0,6926.4731,540.401,1386.34,2619.555,4003.78,6723.455,6926.4731,14467.4,18145.8,21378
"B-2-87",6158.9313,0,6158.9313,0,6158.9313,193.271,831.737,2450.465,2773.16,5999.68,6158.9313,11625.3,15404.7,22311
"B-2-88",8624.3534,0,8624.3534,24.654,8624.3534,2060.07,3557.07,5462.615,4343.52,8523.505,8624.3534,15811.8,21267.1,25193.2
"B-2-89",1408.7594,0,1408.7594,0,1408.7594,0,0,553.7635,247.057,558.6635,1408.7594,2473.5,4325.69,5928.92
"B-2-90",8121.3714,0,8121.3714,0,8121.3714,811.469,1123.13,2446.775,3874.57,9073.17,8121.3714,20087.8,20623.5,23173.3
"B-2-91",8999.777,0,8999.777,1189.33,8999.777,3774.51,5957.915,7445.16,3897.05,7670.405,8999.777,14069.9,20135.6,25857.9
"B-2-92",7927.65165,0,7927.65165,115.7145,7927.65165,884.642,1717.18,2819.265,3010.34,7514.975,7927.65165,16001.3,21656.8,25556.3
"B-2-93",8909.73675,0,8909.73675,217.7175,8909.73675,1641.87,2479.875,4022.795,4617.04,9301.97,8909.73675,17326.1,21267.4,28222.6
"B-2-106",3734.05236363636,0,3734.05236363636,0,3734.05236363636,0,258.55,555.95,817.286,2863,2077.14,6627.15,10905.45,16970.05
"B-2-107",8894.25290909091,0,8894.25290909091,57.802,8894.25290909091,1396.32,3153.64,5408.72,6107.14,10173.8,7267.06,16873.1,23349.65,24049.55
"B-2-108",10124.6172727273,0,10124.6172727273,0,10124.6172727273,1565.8,3532.55,6986.85,6488.91,9595.11,8567.47,19863.6,23058.4,31712.1
"B-2-97",10322.6599090909,0,10322.6599090909,0,10322.6599090909,494.379,1449.11,2629.33,4495.89,10416.4,12729.2,20453,27262.25,33619.7
"B-2-98",11106.7952727273,0,11106.7952727273,0,11106.7952727273,268.598,2731.6,7594.98,6065.45,14152.2,9491.02,21586.9,26692.2,33591.8
"B-2-99",8456.47181818182,0,8456.47181818182,0,8456.47181818182,1039.86,2996.07,6953.67,3316.35,8540.19,4637.1,15236.9,22815.6,27485.45
"B-2-100",3868.25190909091,0,3868.25190909091,0,3868.25190909091,0,0,666.861,1275.54,2921.11,3277.58,6904.58,11764.55,15740.55
"B-2-101",4684.72413636364,0,4684.72413636364,0,4684.72413636364,71.6335,243.078,577.324,1622.57,4320.36,3242.75,10290.9,14201.05,16962.3
"B-2-103",9476.98709090909,0,9476.98709090909,177.748,9476.98709090909,1810.43,2858.84,5192.78,4265.62,10289.9,7942.34,17759.1,25582.45,28367.65
"B-2-104",2954.41354545455,0,2954.41354545455,0,2954.41354545455,0,0,139.521,276.688,1858.31,1398.5,5672.93,8073.65,15078.95
"B-2-105",17409.6113636364,0,17409.6113636364,0,17409.6113636364,1309.485,2858.69,4710.82,7092.03,14366.9,13560.1,38446.6,49034,60127.1
"B-2-118",7127.88845454545,0,7127.88845454545,0,7127.88845454545,669.953,1175.86,1919.455,3964.88,6936.555,8995.02,16207.7,19103.85,19433.5
"B-2-119",3650.364,0,3650.364,0,3650.364,0,21.0045,632.2055,837.494,2549.99,2177.67,8883.24,10471.25,14581.15
"B-2-120",10902.9055454545,0,10902.9055454545,0,10902.9055454545,689.101,1775.955,4364.965,6615.34,11300.25,12204.1,22221.2,26768.85,33992.2
"B-2-109",11633.6516363636,0,11633.6516363636,0,11633.6516363636,728.498,2105.32,3298.43,4476.37,11196.95,12370,24221.1,30726.2,38847.3
"B-2-110",6074.78163636364,0,6074.78163636364,0,6074.78163636364,318.643,1094.835,3187.555,2699.72,5464.385,4902.81,11964.6,15449.85,21740.2
"B-2-111",7013.61754545455,0,7013.61754545455,0,7013.61754545455,63.549,993.064,3416.755,3173.2,7403.275,8696.15,14280,17426.65,21697.15
"B-2-112",11863.435,0,11863.435,0,11863.435,1108.18,3942.43,7781.575,9415.7,13909.35,11948.3,23386.8,27055.2,31950.25
"B-2-113",5193.6405,0,5193.6405,0,5193.6405,0,0,425.2705,1138.39,4929.225,5472.76,11936.2,14417.6,18810.6
"B-2-114",7606.16290909091,0,7606.16290909091,0,7606.16290909091,304.832,1381.03,4155.855,3579.53,6736.035,5775.46,17046.8,23078.8,21609.45
"B-2-115",9916.37036363636,0,9916.37036363636,486.014,9916.37036363636,1114.94,3494.43,5139.38,3622.42,7317.89,7410.75,18722.2,29068.05,32704
"B-2-116",10471.759,0,10471.759,0,10471.759,478.339,1417.95,2017.375,4491.34,8041.725,7726.47,20303.2,33166.95,37546
"B-1-118",4895.54781818182,0,4895.54781818182,0,4895.54781818182,0,108.9735,721.3625,1177.595,4003.09,6316.405,11371.6,12909,17243
"B-1-119",2233.14613636364,0,2233.14613636364,0,2233.14613636364,0,0,111.894,119.1335,3156.295,3208.975,5596.74,4762.08,7609.49
"B-1-120",3712.57727272727,0,3712.57727272727,0,3712.57727272727,0,95.7805,615.646,326.0385,1575.55,3265.765,6177.37,12228.8,16553.4
"B-1-109",8637.372,0,8637.372,31.07,8637.372,759.787,1403.96,3841.27,4974.505,9255.15,12419.15,18771.3,20319.3,23235.6
"B-1-110",1197.61572727273,0,1197.61572727273,0,1197.61572727273,0,145.7415,566.9315,467.131,887.927,883.482,1301.25,3552.42,5368.89
"B-1-111",6195.94431818182,0,6195.94431818182,0,6195.94431818182,697.6925,2050.56,3347.935,4087.28,7405.945,8171.975,11082.5,14183.1,17128.4
"B-1-112",2381.85468181818,0,2381.85468181818,0,2381.85468181818,0,0,18.038,60.968,754.3505,1591.555,4883.1,7307.19,11585.2
"B-1-113",10451.6303636364,437.422,10451.6303636364,359.573,10451.6303636364,637.644,1106.285,2207.67,4921.47,8958.665,12925.805,23545.1,27225.6,32642.7
"B-1-114",9177.848,0,9177.848,0,9177.848,667.223,2006.41,5374.47,4648.875,9631.9,11374.15,18321.7,21876.9,27054.7
"B-1-115",4238.50545454545,0,4238.50545454545,0,4238.50545454545,292.205,431.98,1537.205,1701.145,3305.55,5895.395,8810.28,11267.1,13382.7
"B-1-116",8357.26818181818,0,8357.26818181818,0,8357.26818181818,1222.77,2997.92,5669.975,6259.805,8778.985,9267.895,17114,19856.3,20762.3
"B-1-117",2648.64786363636,0,2648.64786363636,0,2648.64786363636,130.431,555.285,1456.555,830.7705,1817.39,2609.435,5189,6599.89,9946.37
"B-1-10",14852.8295909091,0,14852.8295909091,0,14852.8295909091,581.8905,2080.59,4563.605,7776.19,16701.95,23571.2,25842.55,33929.05,48334.1
"B-1-11",9929.03222727273,0,9929.03222727273,0,9929.03222727273,0,0,450.2895,1209.285,3644.73,10306.1,22693.75,32067.7,38847.5
"B-1-1",0,0,0,0,0,0,0,0,0,0,0,0,0,0
"B-1-2",16776.3740454545,0,16776.3740454545,73.2095,16776.3740454545,1390.04,3041.95,6551.335,8698.28,16999.3,23441.5,33994.3,40028.5,50321.7
"B-1-3",13827.2101818182,0,13827.2101818182,25.462,13827.2101818182,1636.375,2997.65,6505.305,6815.87,13345.25,14745.7,31598.6,34234.85,40194.25
"B-1-4",8922.50854545455,0,8922.50854545455,0,8922.50854545455,173.231,872.388,2638.125,3324.135,9374.595,7959.52,17699.35,20875.95,35230.3
"B-1-5",15675.9580454545,0,15675.9580454545,0,15675.9580454545,538.2635,1858.43,5994.685,7183.11,13132.75,10109,29743.3,43671.6,60204.4
"B-1-6",12140.4330909091,0,12140.4330909091,0,12140.4330909091,0,333.834,1277.715,2744.945,8640.47,13991.9,26103.95,36282.15,44169.8
"B-1-7",10255.75,0,10255.75,0,10255.75,1179.35,2889.13,5088.55,4129.27,9368.8,15075,19328,23297.15,32458
"B-1-22",5405.14872727273,0,5405.14872727273,0,5405.14872727273,411.551,1230.235,2261.13,1740.615,4036.415,5302.24,11133,16000.85,17340.6
"B-1-23",2539.43995454545,0,2539.43995454545,0,2539.43995454545,0,0,256.9325,284.797,1514.605,2619.3,4978.49,6635.915,11643.8
"B-1-24",6551.84027272727,0,6551.84027272727,0,6551.84027272727,525.513,1693.805,3000.51,2906.23,6471.885,8936.8,12483.35,16742.05,19310.1
"B-1-13",12270.7381363636,0,12270.7381363636,0,12270.7381363636,547.05,1025.6145,3189.49,2835.555,7917.31,13797.2,27446.05,33062.75,45157.1
"B-1-14",10881.1661818182,0,10881.1661818182,0,10881.1661818182,372.323,1423.29,2838.925,4542.985,10369.105,10944.3,19735.35,29693.65,39772.9
"B-1-15",6169.15781818182,0,6169.15781818182,0,6169.15781818182,0,0,0,650.506,2909.16,6013.97,12435.7,17496.25,28355.15
"B-1-16",6450.822,0,6450.822,0,6450.822,925.287,2483.175,3393.305,1643.035,3386.34,4963.45,11449.45,15704.55,27010.45
"B-1-17",9067.5925,0,9067.5925,0,9067.5925,0,157.816,504.8245,934.782,4559.785,9704.01,18488.85,26480.3,38913.15
"B-1-18",23632.5136363636,0,23632.5136363636,0,23632.5136363636,1033.94,2449.555,5998.06,8794.045,16545.9,32004.6,47371.8,57768,87991.75
"B-1-19",1116.24531818182,0,1116.24531818182,0,1116.24531818182,0,0,67.8565,63.622,517.535,1081.69,2043.11,3642.17,4862.715
"B-1-20",10190.1643636364,0,10190.1643636364,139.883,10190.1643636364,2899.92,3928.135,5803.435,7456.535,11212.3,14561.9,20591.3,22328.55,23169.85
"B-1-21",5388.48513636364,0,5388.48513636364,0,5388.48513636364,0,462.9515,2354.93,1486.905,4134.205,6514.75,10517.995,14028.3,19773.3
"B-1-34",3029.44981818182,0,3029.44981818182,0,3029.44981818182,503.752,905.211,1307.65,1165.765,2527.595,2087.62,5308.115,8314.14,11204.1
"B-1-35",4797.06195454545,0,4797.06195454545,0,4797.06195454545,0,195.1005,688.326,1820.215,4319.84,5401.635,8053.015,12854.2,19435.35
"B-1-36",3602.41268181818,0,3602.41268181818,0,3602.41268181818,53.6165,419.328,1339.54,1309.38,2750.72,4503.58,7832.945,9357.03,12060.4
"B-1-25",10809.5963636364,0,10809.5963636364,0,10809.5963636364,1354.29,3169.375,6891.64,6768.6,11157.7,12302.855,21403.65,25751.4,30106.05
"B-1-26",8599.21113636364,0,8599.21113636364,0,8599.21113636364,313.2125,1628.345,3797,2663.745,8818.54,8121.33,18631.6,23186.8,27430.75
"B-1-27",3909.739,0,3909.739,0,3909.739,0,231.084,1290.5,1375.215,2970.725,3751.51,8265.745,11725.8,13396.55
"B-1-29",6999.679,0,6999.679,0,6999.679,274.644,1459.72,2968.76,3539.405,8213.755,8246.535,14694.5,17735.4,19863.75
"B-1-30",6018.1495,0,6018.1495,0,6018.1495,42.2155,601.859,1687.33,3347.985,7358.46,10612.095,13496.35,14823.1,14230.25
"B-1-31",10012.1477272727,0,10012.1477272727,0,10012.1477272727,976.425,3362.225,7017.6,5473.305,9468.29,10224.63,19720.15,25895.2,27995.8
"B-1-33",6163.44859090909,0,6163.44859090909,0,6163.44859090909,380.6695,1220.86,1809.97,3098.64,7767.525,5980.77,14567.35,15698.3,17273.85
"B-1-46",3268.38022727273,0,3268.38022727273,0,3268.38022727273,58.86,232.466,339.4835,500.378,1592.23,2668.46,7253.995,9816.01,13490.3
"B-1-47",15139.9404545455,0,15139.9404545455,0,15139.9404545455,1743.11,4953.01,8083.435,7194.59,13367.35,17549.3,27260.05,37953.9,48434.6
"B-1-48",5779.81581818182,0,5779.81581818182,163.9345,5779.81581818182,499.0445,1138.43,2025.42,2055.13,6511.295,7423.12,14135.9,14613.6,15012.1
"B-1-37",6201.84740909091,0,6201.84740909091,0,6201.84740909091,235.4955,642.651,1346.17,2063.49,5861.58,7338.935,14569.05,17155.3,19007.65
"B-1-39",6960.12968181818,0,6960.12968181818,0,6960.12968181818,703.2615,1666.81,2740.095,2540.64,6044.48,7432.44,14851.4,18251.5,22330.8
"B-1-40",3955.74354545455,0,3955.74354545455,0,3955.74354545455,120.033,667.265,2214.72,971.341,3901.88,3685.285,7756.955,11128.3,13067.4
"B-1-41",4962.11627272727,0,4962.11627272727,0,4962.11627272727,301.096,966.613,2495.745,1549.05,4490.72,5692.755,9130.3,12335.8,17621.2
"B-1-42",5743.64368181818,0,5743.64368181818,0,5743.64368181818,737.6805,1986.42,3557.34,2481.38,4457.235,9237.325,10286.2,12150.5,18286
"B-1-43",9601.81736363636,0,9601.81736363636,0,9601.81736363636,461.461,1400.56,2447.335,3991.01,9003.97,12038.455,18888.25,25025.3,32363.65
"B-1-44",5544.51954545455,0,5544.51954545455,0,5544.51954545455,105.739,574.681,1587.2,2317.26,4903.755,6285.18,11784.85,15604.5,17826.55
"B-1-45",6079.70590909091,0,6079.70590909091,0,6079.70590909091,0,0,732.78,1399.48,3837.69,5652.265,13026.35,18581.4,23646.8
"B-1-58",7296.26581818182,0,7296.26581818182,0,7296.26581818182,960.299,2043.19,3887.145,2541.075,6381.57,7159.445,14953.75,16526,25806.45
"B-1-59",15143.9995909091,0,15143.9995909091,0,15143.9995909091,571.7205,2335.79,4460.265,6003.72,14800.3,18730.1,41351.05,37472.2,40858.85
"B-1-60",7586.84690909091,0,7586.84690909091,0,7586.84690909091,896.071,2307.97,4412.9,4053.58,9415.84,7863.005,13597.9,18911.8,21996.25
"B-1-49",8047.09722727273,0,8047.09722727273,0,8047.09722727273,693.7545,1970.89,3608.755,4419.23,7904.04,10929.25,16897,18540.3,23554.85
"B-1-50",8627.71145454546,0,8627.71145454546,0,8627.71145454546,336.316,1539.05,3227.415,3732.18,6918.615,9012.45,16421.2,23666.9,30050.7
"B-1-51",12667.7927727273,0,12667.7927727273,0,12667.7927727273,289.1605,1183.82,1914.115,4668.22,9067.605,14127.3,28165.05,32425.2,47505.25
"B-1-52",4544.94672727273,0,4544.94672727273,0,4544.94672727273,997.069,2324.09,3552.995,1589.475,3251.37,4640.1,6870.715,9808.95,16959.65
"B-1-53",12883.9824545455,0,12883.9824545455,0,12883.9824545455,132.302,534.47,2897.975,5914.61,12900.25,15357.95,32693.25,30284.2,41008.8
"B-1-54",17042.0222727273,0,17042.0222727273,0,17042.0222727273,1746.155,2844.66,6616.09,8156.54,16037.45,16691.25,36001.75,44121.2,55247.15
"B-1-55",2934.31495454545,0,2934.31495454545,0,2934.31495454545,0,91.225,112.8515,463.438,1407.755,5254.855,5231.36,7598.78,12117.2
"B-1-56",4450.06963636364,0,4450.06963636364,0,4450.06963636364,196.083,565.983,1895.95,1995.205,4506.745,3853.595,8338.655,11531.5,16067.05
"B-1-57",7575.19486363636,0,7575.19486363636,143.4135,7575.19486363636,1557.205,2858.91,5363.665,4315.22,7328.98,6817.5,15050.45,14864,25027.8
"B-1-70",6255.90368181818,0,6255.90368181818,0,6255.90368181818,615.8655,1878.84,3766.845,3506.14,6362.5,2634.35,13223.4,14827.75,21999.25
"B-1-71",10270.0174090909,0,10270.0174090909,0,10270.0174090909,836.8415,1356.63,2674.125,3974.52,8711.04,8704.585,26018.55,27737.25,32956.65
"B-1-72",8605.56918181818,0,8605.56918181818,56.026,8605.56918181818,1496.34,3219.8,4407.67,3734.69,7585.065,4666.07,16822.4,23408.5,29264.7
"B-1-61",9568.50654545455,0,9568.50654545455,0,9568.50654545455,0,116.742,1747.34,1559.865,5680.475,11096.4,19252.3,25615.15,40185.3
"B-1-62",9153.18531818182,0,9153.18531818182,0,9153.18531818182,1012.6685,2062.08,4542.95,5712.64,10420.5,12218.5,20164.55,21316.9,23234.25
"B-1-63",14029.297,0,14029.297,299.692,14029.297,3066.515,7054.65,10167.55,9569.26,16498.25,18574.1,27161.85,27961.55,33968.85
"B-1-64",2185.28845454545,0,2185.28845454545,0,2185.28845454545,0,0,0,185.038,1138.02,2969.47,4473.6,5733.975,9538.07
"B-1-65",6796.10827272727,0,6796.10827272727,0,6796.10827272727,229.209,1408.8,3541.625,3209.05,5608.84,4908.167,14344.4,18803.35,22703.75
"B-1-66",1633.98127272727,0,1633.98127272727,0,1633.98127272727,0,0,0,0,310.454,4535.83,2932.95,3897.29,6297.27
"B-1-67",980.790772727273,0,980.790772727273,0,980.790772727273,0,0,157.987,132.886,509.26,930.2155,2034.59,2720.975,4302.785
"B-1-68",8762.29068181818,0,8762.29068181818,0,8762.29068181818,1153.43,2362.15,4387.905,3854.66,9291.345,6351.5575,18025.85,23204.7,27753.6
"B-1-69",8570.27009090909,0,8570.27009090909,0,8570.27009090909,244.646,1452.27,3262.84,4269.355,8555.31,4157.7,18022,24778.6,29530.25
"B-1-82",7659.01204545455,0,7659.01204545455,0,7659.01204545455,66.8735,769.994,3867.54,3653.715,7530.975,9392.285,15296.8,20280.8,23390.15
"B-1-83",7216.27536363636,0,7216.27536363636,0,7216.27536363636,163.469,961.055,3142.96,2488.08,5854.68,13249.385,11613.9,16911.7,24993.8
"B-1-84",20010.1686818182,0,20010.1686818182,0,20010.1686818182,749.1375,2219.36,5499.75,5903.47,10873.9,13487.038,48879,59073.3,73426.9
"B-1-73",5034.03918181818,0,5034.03918181818,0,5034.03918181818,0,415.556,1154.26,1064.665,3078.22,4184.86,9258.92,13831.3,22386.65
"B-1-74",8309.71786363636,0,8309.71786363636,0,8309.71786363636,285.1515,1444.51,3653.34,3915.73,7304.97,11553.295,16181.9,20453.1,26614.9
"B-1-75",12628.5565,0,12628.5565,0,12628.5565,754.1965,2891.68,7188.7,7613.015,12276.6,12610.43,27182.6,31487.6,36909.3
"B-1-76",9698.28645454545,0,9698.28645454545,0,9698.28645454545,305.061,1518.64,3459.445,2311.235,6668.635,9623.785,20299.3,26103.7,36391.35
"B-1-77",10967.6004545455,0,10967.6004545455,0,10967.6004545455,1633.24,3193.96,7207.935,7334.435,11110.9,9498.285,24015,25690.1,30959.75
"B-1-78",4050.01190909091,0,4050.01190909091,0,4050.01190909091,0,106.406,873.687,1000.298,2658.53,3407.57,6701.19,11278,18524.45
"B-1-79",3297.77659090909,0,3297.77659090909,0,3297.77659090909,176.6075,1031.98,1758.595,1296.865,2835.87,4172.385,6203.36,8623.31,10176.57
"B-1-81",6824.50463636364,0,6824.50463636364,0,6824.50463636364,234.586,1098.98,3131.96,2496.145,6207.715,8322.715,11738.5,19699.3,22139.65
"B-1-94",8649.60622727273,0,8649.60622727273,0,8649.60622727273,31.1305,392.878,1242.86,1742.29,5421.15,8983.86,18851.7,24745.4,33734.4
"B-1-95",2497.01795454545,0,2497.01795454545,0,2497.01795454545,0,0,188.525,408.6675,1716.12,2858.47,5245.655,6975.41,10074.35
"B-1-96",10471.6318181818,0,10471.6318181818,0,10471.6318181818,48.338,385.067,1513.515,2198.255,5692.33,8795.945,15694.75,31398.9,49460.85
"B-1-85",13819.0618181818,0,13819.0618181818,0,13819.0618181818,1490.78,3866.3,6419.01,6775.74,15305.4,14435.1,28727.25,33403.2,41586.9
"B-1-86",10438.9766818182,0,10438.9766818182,0,10438.9766818182,576.8435,2023.06,4075.93,4165.625,7133.16,9690.125,18414.7,30490,38259.3
"B-1-87",4828.14763636364,0,4828.14763636364,0,4828.14763636364,320.404,1334.81,1961.785,1898.61,2377.52,12975.915,7228.68,10519.5,14492.4
"B-1-88",14012.4789090909,0,14012.4789090909,0,14012.4789090909,875.4165,3689.43,8282.045,8719.635,16904.6,11806.5915,26018.5,35912.4,41928.65
"B-1-89",2951.00259090909,0,2951.00259090909,0,2951.00259090909,0,0,209.7315,0,834.222,2361.075,4504.99,9974.01,14577
"B-1-90",3023.04531818182,0,3023.04531818182,0,3023.04531818182,0,0,0,204.4985,1158.23,4999.59,5028.81,8614.32,13248.05
"B-1-92",5490.03686363636,0,5490.03686363636,0,5490.03686363636,158.2975,603.818,1109.01,1846.56,3268,5735.39,10462.93,15508.2,21698.2
"B-1-93",2004.87040909091,0,2004.87040909091,0,2004.87040909091,0,0,0,54.9615,591.893,2303.535,4434.76,5453.4,9215.025
"B-1-106",14714.5455454545,0,14714.5455454545,0,14714.5455454545,114.801,2219.67,5616.31,9561.12,13573.3,17869.4,29746.7,37649.15,45509.55
"B-1-107",10068.7219545455,0,10068.7219545455,0,10068.7219545455,507.0065,1176.53,3314.46,5489.795,10201,13344,20784.1,24354.1,31584.95
"B-1-97",5341.864,0,5341.864,0,5341.864,115.4705,672.6985,1453.19,1878.54,4369.5,6130.125,9891.73,15622.75,18626.5
"B-1-99",10561.4119090909,0,10561.4119090909,0,10561.4119090909,181.989,994.282,3088.6,5006.51,10142.7,13230.85,21065.9,27505.9,34958.8
"B-1-100",4147.69904545455,0,4147.69904545455,0,4147.69904545455,0,0,492.638,887.2765,2985.06,4224.995,7786.37,12194,17054.35
"B-1-102",7215.58304545455,0,7215.58304545455,0,7215.58304545455,284.9485,790.635,3099.77,4699.69,9996.37,10143.6,15183.7,15379.15,19793.55
"B-1-103",17681.8868181818,0,17681.8868181818,953,17681.8868181818,2679.915,5316.045,8147.27,10822.725,19795.3,23741.55,34317.4,39942.2,48785.35
"B-1-104",8426.36431818182,1704.135,8426.36431818182,785.695,8426.36431818182,537.6075,1262.315,2172.69,4108.845,7454.72,10194.35,17730.7,20385.55,26353.4
"B-1-105",7978.14786363636,0,7978.14786363636,0,7978.14786363636,226.252,865.2445,3026.07,3229.505,7572.3,9246.105,15030.9,21010.2,27553.05
