"","unit","old_unit","Genotype","G..Alias","Replicates","maxET","slope.maxET-6","slope.07-maxET","slope.00-07","slope.19-23:45","curvmaxET","total.auc","auc.10-15","sd.10-15","auc.prop.10-15","auc.07-19","sd.07-19","auc.prop.07-19","auc.night","cos.sim.index"
"231","B-1001:10:1","B-2-10",32,"IP 9301",2,0.0716473311406384,0.00030918297345767,0.000117597166212432,0.000326454882968396,-4.80006505643817e-05,-8.43048215478299,1.371931604765,0.404243228238848,0.00077981489054868,0.294652610111777,0.919219744370602,0.00311326885785315,0.670018637356235,0.452711860394403,0.855969341072182
"230","B-1001:11:1","B-2-11",15,"IP 12839",2,0.0800904673019401,8.62485239867941e-05,0.000260208233374881,4.57407220156401e-05,-0.000202559902686676,-7.89710890003031,1.3506854219171,0.433722823213139,0.000990367890375178,0.321113129804521,0.89005093887251,0.00432654220879491,0.658962423396274,0.460634483044588,0.867155187514415
"229","B-1001:12:1","B-2-12",1,"Tift 383",2,0.070542263778801,0.000225598764930272,0.000137188322369635,0.00029320708029513,-5.16243403484801e-05,-8.68879992158606,1.56724936831012,0.416270420035408,0.000712259132895866,0.265605734768457,0.930848689576921,0.00271641216527574,0.593937830442776,0.636400678733194,0.826386939263989
"240","B-1001:1:1","B-2-1",13,"IP 3122",2,0.110790630387259,0.000550157460203856,0.000283184627060663,6.93403531588826e-05,0.000363577653633562,-6.6631332289877,1.14108833006455,0.365343946744468,0.00203560969490481,0.320171486394747,0.804392476033924,0.00460208025650032,0.704934451470919,0.33669585403063,0.891500307197676
"239","B-1001:2:1","B-2-2",17,"IP 12395",2,0.0861007826321262,0.000182306204165777,0.000116959435659116,0.000255742139293837,-0.000225705369557424,-8.41327802504284,1.86377687688632,0.517869723619297,0.000640229675341628,0.27786036517658,1.17871106890922,0.00301897524474343,0.632431426490499,0.685065807977096,0.833918794709512
"238","B-1001:3:1","B-2-3",12,"IP 8955",2,0.0781984836722399,0.000319187536334105,0.000225002271291837,0.000418103362233246,-1.11036276535004e-05,-7.48393863913217,1.82343868748182,0.511928025192635,0.00229288903819149,0.280748691308953,1.11463128213563,0.00519478655057155,0.61127982519387,0.708807405346194,0.827790809818082
"237","B-1001:4:1","B-2-4",40,"PT 732B-P2",2,0.0700385391573198,0.000343130902584552,0.000378474517732574,0.00023920453362347,-6.78995515458871e-05,-8.02656824169597,1.48781301342772,0.474260988367659,0.00318374848180642,0.318763839331548,1.0014002934298,0.0046871788880953,0.673068648003494,0.48641271999792,0.886961243383101
"236","B-1001:5:1","B-2-5",3,"IP 3106",2,0.069089479386932,0.000242182823612035,0.000349665025157443,0.000200052106011818,1.80147335854804e-05,-8.01460119312519,1.21785964260018,0.415952044422214,0.00229883729401369,0.341543499654967,0.82993267234814,0.00413503146335452,0.681468244219177,0.387926970252042,0.878586816884978
"235","B-1001:6:1","B-2-6",27,"IP 9651",2,0.160335269373524,0.00038597592965457,0,0.000269445024146593,-0.000519318008624371,-5.02088269378825,3.466220394837,0.810614804092765,0.000913603572606256,0.233861298981505,1.89355483808382,0.00597310653897365,0.546288066651592,1.57266555675318,0.741146675234863
"233","B-1001:8:1","B-2-8",8,"IP 17720",2,0.07755380122437,0.000184205620208291,0.000324140558993605,0.000352995731971693,-0.000224098962911389,-8.18521455205543,1.30292905596338,0.42204257587218,0.00249508136377583,0.323918308476224,0.87918749341122,0.0043047575725274,0.674777716704732,0.423741562552157,0.868921069068599
"232","B-1001:9:1","B-2-9",36,"IP 15872",2,0.0676323225693133,0.000649418808424014,0.000186239258208247,6.17978035456564e-05,-0.000333683781774141,-7.75907951363898,1.02995854102514,0.289703561724177,0.00115854354789849,0.281276915705588,0.700322604315174,0.00274825128022071,0.679952227609212,0.329635936709961,0.895235484456072
"219","B-1002:10:1","B-2-22",18,"IP 8210",2,0.0685260044944572,0.000770679579826637,0.000491883645525264,0.0001811160130195,0.000209925480856129,-6.39719281903038,1.18356619127057,0.36808628261427,0.00382355871038483,0.310997631842734,0.819118129331852,0.00586829650534765,0.692076315945223,0.364448061938713,0.935576721570089
"218","B-1002:11:1","B-2-23",4,"IP 8767",2,0.0795337492477879,0.00015085642937499,0.000463117883341795,0.000252142818794654,-0.000244709505989904,-7.84236465077504,1.37671638386516,0.451605719721941,0.00353040100252897,0.328031049106896,0.915492903087777,0.00534254296164552,0.664982936076862,0.461223480777387,0.890857753809567
"217","B-1002:12:1","B-2-24",22,"IP 10339",2,0.082970991603654,0.000157161764065698,0.000289733819056379,8.82268067942298e-05,0.000154067451930462,-6.1717287041025,1.50072272858022,0.445459052717999,0.00205989301485122,0.296829683614795,0.923150876503715,0.00466178253173519,0.615137532685384,0.577571852076507,0.826079096346943
"228","B-1002:1:1","B-2-13",25,"IP 10964",2,0.050994392172134,0.000309163264507556,0.000152487042379794,9.40217116957911e-05,3.24583359254878e-05,-6.25749955049054,1.14400422509553,0.293860070682971,0.00197854094183378,0.25686974246833,0.631959018787351,0.00262057231069172,0.552409689513671,0.512045206308182,0.805515212750789
"227","B-1002:2:1","B-2-14",38,"IP 7941",2,0.0629192810025565,8.51438597651666e-05,0.000215185350300724,-3.4119876416659e-05,8.16461791470573e-05,-7.22342836415969,1.11503745870421,0.355054783019806,0.000741635464509751,0.318424085440518,0.731962991534724,0.00364111438428925,0.656446997202536,0.383074467169483,0.866631250579864
"226","B-1002:3:1","B-2-15",34,"IP 10543",2,0.0716007749200391,0.000146449538479433,0.000128976399011149,0.000392131870030821,-0.000172761949489221,-7.70322180715433,1.34284684776373,0.416161249636063,0.000404914101822095,0.309909689499667,0.881150107046288,0.00441057277041075,0.656180642277775,0.461696740717439,0.803309830755943
"225","B-1002:4:1","B-2-16",6,"IP 7922",2,0.0785517944624839,0.000252625886036111,0.000192213923051225,0.000145845513740912,-0.000126353538681118,-8.04419872790818,1.49002564012018,0.439175517987388,0.00163091055687306,0.294743597802765,0.951281704952086,0.00413226750934496,0.638433111040533,0.53874393516809,0.85490405609099
"224","B-1002:5:1","B-2-17",10,"IP 4952",2,0.068206916345479,0.000251392536802664,0.000284013421752838,0.000263082297780547,9.76011684674352e-05,-7.98374057485932,1.5153312951205,0.444901599488303,0.00201986753006311,0.293600218593073,0.953604569785671,0.00415149276094877,0.629304346090101,0.561726725334828,0.864344050958313
"223","B-1002:6:1","B-2-18",23,"IP 13459",2,0.0646858681795975,0.000263429396712739,0.000253332513677314,3.79488468284624e-05,9.91823144891358e-05,-7.19795736488448,1.16434205107055,0.357179745878829,0.00222331559573038,0.306765306252077,0.761258037298652,0.00389247752589652,0.653809622867021,0.403084013771901,0.883066145708582
"221","B-1002:8:1","B-2-20",19,"IP 21169",2,0.0723725486024424,0.000153011386801282,8.71181346481662e-05,6.028874987813e-05,0.00010321274048155,-0.275815700889946,0.28925079714911,0.0765406605806267,0.000931282980385189,0.264616939123489,0.134809812125382,0.00113836653483703,0.466065481769051,0.154440985023728,0.6934891775778
"220","B-1002:9:1","B-2-21",9,"IP 18090",2,0.0636199126114015,0.000251292454615938,0.000284792010014375,0.000127709698079649,-5.76853339119469e-05,-7.45946504109334,1.37617139318393,0.399485230612928,0.00190966864874213,0.290287410849802,0.876372103445818,0.00359551402673435,0.636819009453634,0.499799289738113,0.870632700882276
"206","B-1003:11:1","B-2-35",31,"IP 3110",2,0.0709271807221952,0.0004379699019986,0.000224983603471942,4.00941714856084e-05,0.00016440202006715,-6.13253146762851,1.43887131296609,0.364756784805072,0.00234909763307168,0.253502020311435,0.864862695556107,0.00331064720050777,0.601070219249334,0.574008617409987,0.849437809802374
"205","B-1003:12:1","B-2-36",26,"ICMB 90111-P6",2,0.0778248389947554,0.000301903612860218,0.000292705150556415,0.000323381325198591,9.85291894730266e-05,-7.08599621357337,1.47443171232026,0.444806097827662,0.00275824761604679,0.301679687238744,0.887923596763554,0.00482373058713685,0.602214120426276,0.586508115556708,0.820551587164637
"216","B-1003:1:1","B-2-25",37,"IP 11218",2,0.0862059688338079,9.56832945218584e-05,0.000278985641188813,-8.27862335016136e-05,8.44880636360576e-05,-7.08468530063557,1.40839111459878,0.457504410328109,0.000250904098830406,0.324841874949233,0.947265344029672,0.00442211564228208,0.672586850492538,0.461125770569113,0.84866553444777
"215","B-1003:2:1","B-2-26",29,"IP 18412",2,0.0660458671487376,0.000345625136762428,0.000339256988575441,0.00018822422572601,0.000134397194585693,-7.28849849126237,1.36224446524701,0.449292314914063,0.00236634426903946,0.329817684252873,0.903962133440843,0.00525589466396023,0.663582900501584,0.458282331806171,0.855404705911679
"214","B-1003:3:1","B-2-27",5,"IP 5695",2,0.0828148900521667,0.000332830851376458,0.000245950851959461,0.000221407982704929,-0.00015113375377201,-7.21848610624875,1.522848065223,0.458543289110446,0.00255148761498089,0.301109020382344,0.999083054620845,0.00506602364457218,0.656062201763078,0.523765010602155,0.85029462994703
"213","B-1003:4:1","B-2-28",33,"IP 3389",2,0.0766153077003846,0.000464965468686462,0.000210847717063002,0.000151439427269204,-0.000266991414759989,-7.77994885437182,1.6070469677935,0.470976648561953,0.00205919603194415,0.293069622730822,1.06603116000958,0.00417505771105007,0.663347855646839,0.541015807783928,0.864043034155148
"212","B-1003:5:1","B-2-29",28,"IP 11346",2,0.0774535254811205,7.95150047313822e-05,0.000290144164621443,-0.000202755077674809,-0.000268294022041124,-6.56566942606854,1.36521962424277,0.435474361427418,0.00217924998681041,0.318977513723449,0.92668433524894,0.00386814753372233,0.678780409242165,0.438535288993826,0.865453460444784
"211","B-1003:6:1","B-2-30",14,"IP 18157",2,0.078209941573581,8.90801311133869e-05,0.000275731418665995,0.000161097605466664,7.09139271641587e-08,-4.10704532195926,2.05523146510188,0.494979306659148,0.000100330631219824,0.240838715767039,1.18060353562024,0.000601485868497024,0.57443823514142,0.874627929481641,0.785165732772161
"210","B-1003:7:1","B-2-31",24,"IP 17150",2,0.0648191974895995,0.000240667281774685,0.000237296529716105,0.000215915358854807,-0.000361270589375625,-7.56103377868415,1.43074134681809,0.37071971207412,0.00229399589052884,0.259110224848528,0.83869675791977,0.00293953867864522,0.586197330345558,0.592044588898317,0.835927400474995
"209","B-1003:8:1","B-2-32",39,"IP 2058",2,0.0791179668337515,0.000195542802969498,0.000177676521748843,0.000307960306818301,-0.000333560453942177,-7.8759382998413,1.97846714643118,0.533662864260824,0.00238630020027016,0.269735519856098,1.19995465198586,0.00396653989933646,0.606507241806052,0.778512494445313,0.827319928988576
"208","B-1003:9:1","B-2-33",11,"IP 8174",2,0.0613661386787499,0.000294516655125616,0.000377000053323709,0.00013385264881266,-0.000216083782552806,-7.39411527343196,1.21419056217633,0.360799027921733,0.00308437454507189,0.297151896218853,0.790744405358267,0.00417108976661712,0.651252307496877,0.423446156818065,0.902814613575413
"195","B-1004:10:1","B-2-46",10,"IP 4952",4,0.0745248156240538,0.000363884129601654,0.000254878666167168,0.000159397991696502,0.000181316328798106,-7.09474572174833,1.3341408482835,0.399941578531761,0.00194516048491342,0.299774629527553,0.846256485968298,0.00480165251132952,0.63430820445764,0.4878843623152,0.863510710895028
"194","B-1004:11:1","B-2-47",20,"GICKV 93191 (=ICMV 93191)",4,0.0732695958112524,0.000184816431742182,0.000176917733315076,0.000131335519397128,-0.000284438711087327,-8.05762404351677,2.30970163419578,0.6023483985882,0.00177038702384654,0.260790566915772,1.35787265588831,0.00299665113898118,0.587899595248419,0.951828978307468,0.814857071091934
"193","B-1004:12:1","B-2-48",29,"IP 18412",4,0.0941946759037734,0.00013563010343803,0.000369705646275687,5.43181550165155e-06,0.000460128776557543,-6.11864773976368,1.87062241440418,0.580066175032187,0.00143211507066211,0.310092603705353,1.16118660192533,0.00692369886716844,0.620748790875141,0.709435812478849,0.833268147862471
"204","B-1004:1:1","B-2-37",35,"IP 18389",2,0.0896998023212397,0.000431821200205662,0.000659385825149816,1.84171875540685e-05,-5.12899036430761e-05,-6.76748295664671,1.33219729555441,0.47316902426481,0.00570683877590273,0.355179391103549,0.954600840778975,0.00714444150275325,0.716561160996583,0.377596454775434,0.925897020774169
"203","B-1004:2:1","B-2-38",2,"IP 11275",2,0.0592053022456684,7.22903359522597e-05,0.000241319474553783,5.4661145899009e-05,6.18635149714238e-05,-6.31787206372572,1.11635035138611,0.335245153173669,0.00194459849604125,0.300304606665294,0.67632607244047,0.00393808170440649,0.605836753310208,0.440024278945639,0.833187334664095
"202","B-1004:3:1","B-2-39",20,"GICKV 93191 (=ICMV 93191)",2,0.0610250294216413,0.000541646396719263,0.000432011030111747,-0.000109424982005427,0.000159072553196583,-5.79500950252536,1.06531666346818,0.342569896419343,0.00339716987714303,0.321566261156653,0.722483507795343,0.00550488759289697,0.678186620533344,0.342833155672837,0.918094168780874
"200","B-1004:5:1","B-2-41",23,"IP 13459",4,0.0732927840868629,0.000357168298504447,3.91610656518674e-05,0.000118434348886115,0.000302457943319754,-6.19090254472656,1.25604606832846,0.320881255991288,0.00083537612874673,0.255469336740424,0.75316116457999,0.00219331514374299,0.599628615200631,0.502884903748467,0.810249969502978
"199","B-1004:6:1","B-2-42",26,"ICMB 90111-P6",4,0.0416226833003122,7.48513514573969e-05,0.000140487329553941,0.000129204125850476,4.8638168458532e-05,-7.38863627469286,0.906291233612526,0.275961147276469,0.00102287252547716,0.304494997900921,0.568427077234046,0.00293252799942991,0.627201341193895,0.33786415637848,0.778596964489217
"198","B-1004:7:1","B-2-43",36,"IP 15872",4,0.0567807435811633,0.000307300430220199,0.000234411676774853,0.000122434336798904,-0.000220283298854197,-7.27057623672788,1.49934039020668,0.422353494181181,0.00222752151178689,0.281692867703617,0.94494361220244,0.00365195767670025,0.630239549587656,0.554396778004242,0.848367256533924
"197","B-1004:8:1","B-2-44",37,"IP 11218",4,0.0791498897283134,0.000812194547062299,0.000305523391174434,0.000128232951163268,-1.43181966647338e-05,-6.45754949867174,1.7581772392837,0.451038092403613,0.00269296964612262,0.25653732873221,1.04631742107211,0.00474858793954025,0.595114871068623,0.711859818211594,0.849244321650866
"196","B-1004:9:1","B-2-45",3,"IP 3106",4,0.100093112060879,0.00018022451428478,0.000511244679907405,-0.000231323642773241,0.000225842532539555,-5.21248592817432,1.37463964254768,0.432910860594839,0.00182943818241766,0.314926797682413,0.839422245413218,0.00485784097587862,0.610648943498732,0.535217397134466,0.850353404494194
"183","B-1005:10:1","B-2-58",39,"IP 2058",4,0.083642506016475,0.000249928436438087,0.000425819385739638,0.000347650475074199,0.000296068611266782,-7.33135517919902,1.89943168705523,0.577839660621368,0.00275902591844847,0.304217132187164,1.21991922147124,0.0058257535206159,0.642254854325681,0.67951246558399,0.864803654858706
"182","B-1005:11:1","B-2-59",12,"IP 8955",4,0.0594750440067093,0.000147452210532897,0.000266219672277586,0.000347764688317671,-7.07687757912599e-05,-8.22806953044452,1.45045655633517,0.404178284529235,0.00235025540818158,0.278655905110637,0.882287687026714,0.00317667762992532,0.608282739095589,0.568168869308457,0.850295945554403
"181","B-1005:12:1","B-2-60",21,"IP 8426",4,0.052515773045281,7.14502754379131e-05,8.37518672343093e-05,0.000283950829536574,0.000220063196713368,-3.72242330870235,0.743916467519952,0.220587401795791,0.00265494430670715,0.296521735203926,0.396721963703582,0.00492570206027204,0.533288320698374,0.34719450381637,0.581196831354418
"191","B-1005:2:1","B-2-50",7,"IP 7108",4,0.0745288084974602,0.000224257702612619,0.000393704434648824,0.000196257929224833,-0.000212211637307374,-7.4905637401741,1.4347940468924,0.452811712245802,0.00365560725521338,0.315593525932547,0.950780326418098,0.00520794517572918,0.66265979321379,0.484013720474306,0.880381328462189
"190","B-1005:3:1","B-2-51",28,"IP 11346",4,0.0732146112743457,0.000322907002692986,0.000200412824376026,0.000104534994429219,0.000112447062101768,-7.43012878764792,1.19661264313971,0.361393000103796,0.00203425482526114,0.302013355930755,0.794837328857744,0.00384079299986952,0.664239454107909,0.401775314281968,0.87457449267988
"189","B-1005:4:1","B-2-52",31,"IP 3110",4,0.0642205394513175,0.000222344640151427,0.000300021339108979,0.000217295764266501,-5.74157088160056e-05,-8.3008067491843,1.41880682941744,0.444683986687072,0.00159634224930346,0.31342109261601,0.972313577970735,0.00370693091538434,0.685303705769421,0.446493251446706,0.898438351041071
"188","B-1005:5:1","B-2-53",18,"IP 8210",4,0.0900014310196341,0.000623544687483225,5.17229765179894e-05,3.1140047566969e-05,0.000143015146207845,-2.74633322885986,0.176049513751048,0.0418220820990297,0.000996779942254726,0.237558634545111,0.114204137707815,0.00203243925154878,0.648704647201196,0.0618453760432323,0.743504652198256
"187","B-1005:6:1","B-2-54",1,"Tift 383",4,0.0606745562577127,0.000124442440819693,0.000152101161360961,0.000153166736127457,0.000174797562528686,-3.01984180849706,0.855336210525319,0.21706016866978,0.00246172910099169,0.253771751971624,0.442138981815618,0.00328161950399175,0.516918349036189,0.413197228709701,0.652102627418408
"186","B-1005:7:1","B-2-55",13,"IP 3122",4,0.0792841821368875,0.000442278664074792,0.000262396405326319,0.000176769506335258,-6.17466799974412e-05,-7.44267101705907,1.27985342362704,0.351059317043289,0.00237567719580564,0.274296501898166,0.844191270701639,0.00342718099551464,0.659599962868593,0.435662152925404,0.892858991195351
"185","B-1005:8:1","B-2-56",5,"IP 5695",4,0.0768023336801456,0.00031295446842975,0.000469611715868527,9.39395670288481e-05,-1.38929634370218e-05,-7.60221173697695,1.1245131746209,0.409793289790278,0.0022748421197297,0.364418398146762,0.779091274378674,0.00470020846812815,0.6928253860977,0.345421900242225,0.880359229640207
"184","B-1005:9:1","B-2-57",34,"IP 10543",4,0.0812593531269195,0.000386588872288617,0.000549358947919259,6.08087795059327e-05,0.00014927980345984,-6.43218735962916,1.64054369151621,0.503442236272968,0.00268460750672961,0.306875238298396,1.02734306915741,0.00513022044761336,0.62622109637807,0.613200622358802,0.858646935253699
"171","B-1006:10:1","B-2-70",8,"IP 17720",4,0.0604077791329238,0,0,-0.000180677178242866,4.9739249130481e-05,5.74421651756781,0.697898019689744,0.15198724061319,0.00127127422370502,0.217778581290082,0.315884572535151,0.00157816282000281,0.452622823998814,0.382013447154592,0.677113726798794
"170","B-1006:11:1","B-2-71",2,"IP 11275",4,0.0762530660813489,0.000142186681326105,0.000431410721153401,0.000164379030865601,1.66427012221233e-05,-7.35921900646766,1.0904197784777,0.374007670087497,0.00333499089185083,0.342994209633319,0.772653073853264,0.00455197077669721,0.70858314302767,0.317766704624435,0.930382829537803
"169","B-1006:12:1","B-2-72",6,"IP 7922",4,0.0615537355232768,0.000149295902866809,0.000330919190773825,8.99130273969143e-05,1.92084395904018e-05,-7.54255707891351,1.45353433951062,0.390062785759657,0.00171384473268503,0.268354709728415,0.859518171967315,0.003292728791724,0.591329801163623,0.594016167543309,0.786619898998277
"180","B-1006:1:1","B-2-61",30,"IP 9532",4,0.0716211202699704,0.000556083795919121,0.000534063004757294,4.25538246667216e-05,-8.00379421809579e-05,-6.56041532320458,1.17827520557178,0.392408475748303,0.00487740146659708,0.333036351688211,0.795596792698674,0.00620625744851495,0.675221534779387,0.382678412873106,0.914796673414751
"179","B-1006:2:1","B-2-62",38,"IP 7941",4,0.0561238364093478,0.000156020238919333,0.000244374017768076,0.000119765010226511,-4.56518291013303e-05,-6.70400003997484,1.12600695879867,0.310306568521242,0.00202866688243463,0.275581395031792,0.662220367546717,0.00304871361033363,0.588113920941694,0.463786591251951,0.840550168998755
"178","B-1006:3:1","B-2-63",4,"IP 8767",4,0.0812525850268331,0.000429930427426884,0.000354286499555542,0.000140879124880553,-0.000271270991464626,-7.95644777750477,1.45075981792062,0.469412280006225,0.00202925369986284,0.323563055860643,1.03795032782501,0.00427788186180804,0.715452906127984,0.412809490095607,0.917696378751621
"177","B-1006:4:1","B-2-64",17,"IP 12395",4,0.0720549247666425,0.00013365610790369,0.000205961846647242,1.67288455696948e-07,-0.000103853710136216,-6.22913020575094,1.55267559387893,0.446056551455319,0.00167534925636281,0.287282516202223,0.957040361145079,0.0040549762196013,0.616381403119875,0.595635232733849,0.820179832473533
"176","B-1006:5:1","B-2-65",11,"IP 8174",4,0.073976069665356,0.000257412940604665,0.000287715729155897,0.000364087384536157,0.000148162047175361,-8.02333001859978,1.24406499812867,0.404501481668723,0.00243251693508143,0.325144974159049,0.878726008404364,0.0041799817659087,0.706334483910528,0.365338989724304,0.897435714154673
"175","B-1006:6:1","B-2-66",33,"IP 3389",4,0.0667991216444579,0.000270301669788994,0.000330603523865136,0.000148132874254142,0.000165235944311624,-6.578444552642,1.18832698792614,0.355426424835053,0.00317528099100034,0.299098167799203,0.732498640299719,0.00425500356688882,0.616411684445602,0.455828347626419,0.867296631928682
"174","B-1006:7:1","B-2-67",24,"IP 17150",4,0.0630556250169629,0.00031756768108747,0.000349234509605979,0.000298152250387239,-0.000266807584182476,-7.39948265510279,1.14359944142183,0.337905827717502,0.0041669691804191,0.29547568447339,0.738386179238939,0.00464891739337317,0.64566853785877,0.405213262182891,0.892409896340308
"172","B-1006:9:1","B-2-69",16,"IP 12116",4,0.0547751693581281,0.000176977069119626,0.000389968491640917,4.52964906371036e-06,-4.50802606808303e-05,-7.04444751811356,1.14602564345909,0.35122122277802,0.00214513852743543,0.306468903887627,0.733957949312585,0.00311604557495686,0.640437632003812,0.412067694146505,0.881635445264203
"159","B-1007:10:1","B-2-82",15,"IP 12839",6,0.0585871542436233,8.20863151813427e-05,0.000278989137688852,-4.20928690123651e-05,-0.000178829799512279,-7.68490055537467,1.19334190344369,0.375440449515006,0.000955596595405125,0.314612642388219,0.791070429047416,0.00318754064070197,0.662903420021188,0.402271474396274,0.885072367197498
"158","B-1007:11:1","B-2-83",24,"IP 17150",6,0.0524034987687293,0.000445053143824778,0.000361977131587967,4.12253465944737e-05,-5.98667368918702e-05,-6.99271552748502,1.19831076594238,0.376133554193564,0.00233825757236353,0.313886484945133,0.733823541593116,0.00444050731205854,0.61238166463106,0.464487224349266,0.853943995060512
"157","B-1007:12:1","B-2-84",40,"PT 732B-P2",6,0.0786925248686802,0.000429332572335974,0.00032074722005763,-0.000125192529000545,0.000211461627916529,-5.47518036082992,1.28314551356356,0.396790338788417,0.00311875005414957,0.309232534107881,0.808105768121099,0.00447453261186004,0.629784977291332,0.475039745442458,0.843951069781294
"167","B-1007:2:1","B-2-74",14,"IP 18157",4,0.0847859369248041,0.000279003084378273,0.000483758569577843,0.000251201510356824,-0.000349346191951519,-7.85636957561981,1.33492297213459,0.438836513369987,0.00305590511507262,0.328735457049086,0.856487722086321,0.00517868122670807,0.64160085635261,0.478435250048265,0.870998377651864
"165","B-1007:4:1","B-2-76",9,"IP 18090",4,0.0896905566991141,0.000554550471921412,0,-5.27382111126285e-05,-0.000417042603743131,-5.28742473831031,2.05520635137929,0.564696869503979,0.00153340513155851,0.274764073751037,1.22514581071228,0.00468065415365573,0.596118151294179,0.830060540667014,0.77237465196842
"164","B-1007:5:1","B-2-77",22,"IP 10339",4,0.0525091413584595,0.000330829486946337,0.000302112250521399,-1.12531733700905e-05,2.80802906385437e-05,-6.41755223863231,1.25994430079335,0.355435614183862,0.00255251705201228,0.282104227909165,0.782662775937291,0.00373888454872115,0.621188393363476,0.477281524856062,0.872082667120578
"162","B-1007:7:1","B-2-79",25,"IP 10964",4,0.077183339624223,0.000297842845308216,0.000263944794774751,0.000341409793493334,-3.34924483502577e-05,-8.41679514339203,1.38864487099811,0.465398244213249,0.00192816798892579,0.335145618532934,0.990252652490635,0.00490003215683165,0.713107197651531,0.398392218507476,0.893915716451781
"161","B-1007:8:1","B-2-80",32,"IP 9301",4,0.0784030610993333,0.000230626182392415,0.000174975610702184,0.000294272070304518,-0.000187226789799199,-7.75958425812808,1.69328505422727,0.499309325201268,0.000868290462158912,0.294876119029544,1.09048040624832,0.00423715595870378,0.644002853226599,0.602804647978951,0.83262618920887
"160","B-1007:9:1","B-2-81",5,"IP 5695",6,0.0677726983044455,0.000192657690265115,0.000440517208950603,-4.82911277004102e-05,-2.91731978251637e-05,-6.76997478931008,1.28091732124492,0.416770873918643,0.0028095214265529,0.325369067156954,0.859012159764977,0.00476106765939437,0.670622643255466,0.421905161479939,0.904065655515303
"147","B-1008:10:1","B-2-94",38,"IP 7941",6,0.0683313964081646,0.000272039783350961,0.000391315507182626,-0.000164028912349186,-0.000191296762921347,-6.73718745124353,1.39394381050715,0.440497668311517,0.0025703079777933,0.316008195589501,0.897587708067753,0.00422127514157616,0.643919576457814,0.496356102439394,0.871304331073231
"146","B-1008:11:1","B-2-95",11,"IP 8174",6,0.0857507553874547,2.57061542159582e-05,0.000265075713500836,0.000435414641902145,1.67725563801253e-05,-8.62854764220309,1.7190082105304,0.548493362593973,0.00155989976950637,0.319075475750483,1.14867351923169,0.00511350512828825,0.668218750902458,0.570334691298706,0.859060241607001
"145","B-1008:12:1","B-2-96",25,"IP 10964",6,0.0821636194406361,0.000197518554034012,2.08180137098826e-05,8.4048392747752e-05,-9.0530661925418e-05,-5.45199431091582,0.864854930690275,0.211804746983577,0.000886817177530007,0.244902051740084,0.481499327178096,0.00117625515041596,0.556739991981999,0.383355603512179,0.758211070060546
"156","B-1008:1:1","B-2-85",34,"IP 10543",6,0.0553600231060402,0.000257227670428122,0.00038719322617623,-4.83734596742988e-05,0.000212302139936739,-5.31498907082651,1.28551632145078,0.381117324318155,0.00274803593111993,0.29647023375638,0.772891079887311,0.0043210331211546,0.601230079300011,0.512625241563469,0.847046492600665
"155","B-1008:2:1","B-2-86",27,"IP 9651",6,0.0676443204079755,0.000258008579688204,0.000214360355557146,0.000195741731457922,0.000186423165549557,-7.25733446457201,1.20168826392097,0.361508355322867,0.00217724939644792,0.300833723833923,0.7776060597285,0.0037263453640877,0.647094660965782,0.424082204192471,0.858718116392178
"154","B-1008:3:1","B-2-87",3,"IP 3106",6,0.0673186841364379,0.000107797268712814,0.000179446326932841,4.09997643933507e-05,-0.00012402481955088,-5.91430976473038,0.956361004420915,0.26694453455183,0.0030581837590851,0.27912528147618,0.566499238068078,0.00376956253710006,0.592348742210687,0.389861766352837,0.700491452262421
"153","B-1008:4:1","B-2-88",20,"GICKV 93191 (=ICMV 93191)",6,0.0560411224291694,7.97970557098576e-05,5.11187226640662e-05,0.00010588417274658,-0.000124783281735639,-6.44375932761048,1.87393677304787,0.427470643188731,0.000454812913744629,0.228113695903128,0.978770013010149,0.00126726983620758,0.522306849989514,0.895166760037723,0.749290147769345
"152","B-1008:5:1","B-2-89",30,"IP 9532",6,0.0772494358591906,0.000189803127096741,0.00014192169973234,0.000200170397945855,0.000103607491561662,-4.05214013014416,0.903217277668651,0.225438614874309,0.00241279053318052,0.249595109004339,0.47965097999469,0.00259504404482606,0.53104717087869,0.423566297673961,0.664429260605509
"151","B-1008:6:1","B-2-90",9,"IP 18090",6,0.0683314275435448,0.000141505017241908,0.000218769723665453,9.50699606339154e-05,0.000125708715138322,-7.2943195887709,1.36950670993392,0.411210756168176,0.00195916721338381,0.300261950661064,0.911701876381354,0.00287195930815375,0.665715523529886,0.45780483355257,0.879811217730414
"150","B-1008:7:1","B-2-91",32,"IP 9301",6,0.0623657085003494,0.000260812096938957,0.000465601958475348,8.77505791092431e-05,-7.41683716669453e-05,-7.39211889325402,1.06128000950973,0.377445529416807,0.00358045090575138,0.355651219315036,0.780403979482743,0.00478474153147608,0.735342202330996,0.280876030026984,0.935835075708774
"149","B-1008:8:1","B-2-92",13,"IP 3122",6,0.069997867966394,0.000252404008947907,0.000380518228318092,0.000149478666298326,0.00034980859444926,-7.05016288304508,1.67675203143192,0.504833336354579,0.00287920530551201,0.301078112261752,1.06293680143407,0.00544736371187598,0.633926055557746,0.613815229997845,0.87524180470614
"148","B-1008:9:1","B-2-93",36,"IP 15872",6,0.0732803347343705,0.000146053786555223,0.000270023131697958,6.83878231797679e-05,-0.000107083108980864,-5.5656889248939,1.57246268385666,0.442462998402514,0.00211688919496975,0.281382193005253,0.944098045371891,0.00410970874867072,0.60039456265911,0.628364638484772,0.804971411463404
"135","B-1009:10:1","B-2-106",31,"IP 3110",6,0.0754004666667049,0.000477596561139344,0.000358412663646328,1.95461495479329e-05,0.000402919297852674,-6.52559340315134,1.19815009851874,0.380678956987519,0.00284393195660653,0.317722259888929,0.844406028897162,0.0047630314900618,0.704758135012541,0.353744069621582,0.921699741150897
"134","B-1009:11:1","B-2-107",6,"IP 7922",6,0.0515979032361026,0.000287555473171636,0.00041103931428464,0.000147720084009871,0.000157455997598504,-7.33319871480077,1.32327344951776,0.427758451081602,0.00275304814026764,0.323257790169892,0.866241979157381,0.00499575205652036,0.654620539294478,0.45703147036038,0.882768909679623
"133","B-1009:12:1","B-2-108",4,"IP 8767",6,0.063726296965206,0.000829714071220218,-2.05836252263192e-05,5.50572884492149e-05,-0.000233452477243263,-3.53669229978033,0.906524730954119,0.223168990137449,0.00226225227893304,0.246180807337229,0.474887869699144,0.00305373661463166,0.52385539355261,0.431636861254975,0.70247514380843
"144","B-1009:1:1","B-2-97",1,"Tift 383",6,0.0860838747088536,0.000482771440935662,0.000210981963107682,0.000210494627667183,0.00014587277397993,-7.66403638355342,1.22774522045081,0.385391640199643,0.00292084330233984,0.313901967427845,0.86414846813963,0.00476447047244155,0.703849995703772,0.363596752311181,0.890510460916578
"143","B-1009:2:1","B-2-98",7,"IP 7108",6,0.0642074547628483,0.000298168169475212,0.000328619893984494,6.72477509758044e-05,-0.000115896500430645,-7.44213326465965,1.25738060693006,0.372464396598098,0.00285805030373786,0.296222475951402,0.845784389813795,0.00386034155238938,0.672655825254702,0.411596217116261,0.904784327349376
"142","B-1009:3:1","B-2-99",18,"IP 8210",6,0.104994793272099,0.000140565501485445,0.000116168857491344,0.000482022912733614,-0.000202722556029394,-8.25741512794465,1.6940853564287,0.484522404811105,0.00238892094413711,0.286008259839119,1.06534998770319,0.00375155633411621,0.628864409730248,0.628735368725508,0.828684636706708
"141","B-1009:4:1","B-2-100",22,"IP 10339",6,0.0821974355979367,0.000544538536108574,8.14082656646119e-05,0.000430150287156048,-7.59546929167395e-05,-8.65474049622,0.981619106190528,0.29168324687874,0.000930003125025517,0.297145038273253,0.659216459116515,0.00272640611113487,0.671560338382986,0.322402647074012,0.844366999414353
"140","B-1009:5:1","B-2-101",35,"IP 18389",6,0.0611543174178627,0.000192951636455888,0.000313971494012165,0.000135423298386568,-0.000211976587108784,-7.7484956957774,0.47907421362446,0.16344511568032,0.00194832389933846,0.341168677069399,0.368980301712025,0.00289299538944433,0.770194452589058,0.110093911912436,0.7051050364226
"138","B-1009:7:1","B-2-103",28,"IP 11346",6,0.0756826825793452,0.000170277777163671,0.000350859462835225,-6.74270776143636e-05,-0.0002260337304289,-6.66600172544316,1.37812089944876,0.442986947333231,0.00243569947285868,0.321442732281634,0.896877443705589,0.00461716836941393,0.650797360423411,0.481243455743169,0.848955715116585
"137","B-1009:8:1","B-2-104",37,"IP 11218",6,0.0626052721576582,4.70328110581789e-05,0.000277762877094078,0.000186842957511996,0.000221601843992608,-7.47737620406298,1.04443141757329,0.339546195383747,0.00152262617712204,0.325101475952028,0.679632129488225,0.00380020418452231,0.650719729465177,0.364799288085069,0.863532520485792
"136","B-1009:9:1","B-2-105",10,"IP 4952",6,0.0696411091714099,0.000263530653616345,0.000350186168706426,0.000277044924490184,0.000150113057804586,-7.850660621512,1.10654332698063,0.378588129776943,0.00221179108591909,0.342135839190301,0.778575733341097,0.00485780721485573,0.703610707648982,0.327967593639529,0.902147612186481
"123","B-1010:10:1","B-2-118",33,"IP 3389",6,0.0665563233255758,0.000263603416148929,4.34110517422433e-05,0.000162832657039042,-0.000493263808452713,-6.53144717464848,1.00473297895542,0.2756127624971,0.00138433713961025,0.274314438034715,0.570213126624013,0.00296897596447803,0.567527033119629,0.434519852331402,0.718939579651859
"122","B-1010:11:1","B-2-119",2,"IP 11275",6,0.0638626059532545,0.00012040647055667,0.000205516694725086,0.000104111831216632,0.000129661291689028,-7.55916718994902,1.39733718532741,0.397853145882748,0.00128500122657421,0.284722363406887,0.86180953480076,0.00314498562452418,0.616751306592352,0.53552765052665,0.84704785031836
"121","B-1010:12:1","B-2-120",14,"IP 18157",6,0.0625808937506669,0.000149024588067016,0.000352234249861313,-0.000140994521767304,6.19659315979742e-05,-5.86242687120225,1.09116207731471,0.345730126609474,0.00116844761777155,0.316845804850821,0.673876668116867,0.00380704325316761,0.617577060389818,0.417285409197844,0.83867263113619
"132","B-1010:1:1","B-2-109",21,"IP 8426",6,0.0585073975640247,0.000185944569873978,0.000397090195662647,0.000233085891373501,0.000101174047405797,-7.76631840408777,1.51767150728983,0.462196413005487,0.00286025097614063,0.304543118049868,0.960673830773861,0.0045620806475987,0.63299193940155,0.556997676515967,0.875180762761507
"131","B-1010:2:1","B-2-110",17,"IP 12395",6,0.063180311399309,0.000226347819335528,0.000357299348914339,0.000190597666630672,-0.000236778708709549,-8.7561417515075,1.06020296695993,0.338786732160537,0.00110494536112354,0.319548938003812,0.702482175736958,0.00270317630377107,0.662592161717188,0.357720791222975,0.878776887735186
"130","B-1010:3:1","B-2-111",19,"IP 21169",6,0.0726201077691658,0.000539090531755506,0.000184595348074447,8.79056755553636e-05,0.000516399998916277,-4.82322352648551,1.63826060657568,0.40816866390186,0.00132894203168267,0.2491475790015,0.926415437049182,0.00370872269513084,0.565487220611129,0.711845169526495,0.805740595579513
"129","B-1010:4:1","B-2-112",8,"IP 17720",6,0.0695376772731835,0.000118506973494388,0.000206705807058474,0.000133379327475206,-0.00025530441487755,-7.51859477817824,1.6382862150003,0.459575658308669,0.0018943138333473,0.280522203080727,0.997168060239608,0.00365145520311667,0.608665354752697,0.641118154760689,0.830327760524449
"128","B-1010:5:1","B-2-113",23,"IP 13459",6,0.0857560415204349,0.000337354501617441,0.000330263814241289,4.76811855405706e-06,-0.000310462033063439,-7.6920354239703,1.39974648439551,0.441114085225767,0.00219820443549564,0.315138555547983,0.973607277231199,0.0039798337471297,0.695559723196347,0.426139207164308,0.906114366500284
"127","B-1010:6:1","B-2-114",39,"IP 2058",6,0.0813956312962724,0.000233302990911666,0.000365291255708554,8.96298894041831e-05,-0.000296278050449708,-7.34635774164586,1.47057825662076,0.433929353552795,0.0031898177942315,0.29507396263965,0.901436033838359,0.00421099573168725,0.612980662389072,0.569142222782398,0.855561087361133
"126","B-1010:7:1","B-2-115",26,"ICMB 90111-P6",6,0.0484354744383583,0.000244353158223616,0.000676939900742994,-6.42580227740313e-05,1.66709259707923e-05,-5.57470914247589,1.15936420112564,0.400727087628039,0.00508066611412901,0.345643834128197,0.776770433035128,0.00638269406073007,0.669996910617867,0.382593768090508,0.934671858166271
"125","B-1010:8:1","B-2-116",12,"IP 8955",6,0.053770307192109,8.47572808987513e-05,0.000241711851928217,-0.000150541420644624,-0.000275408243206998,-6.44977535308381,1.1372337530309,0.321613157124935,0.000714300706773404,0.282803035231575,0.67891745633273,0.00202091909057319,0.596990244550262,0.458316296698172,0.817363505740515
"3","B-10:10:1","B-1-118",34,"IP 10543",5,0.0608633420680433,0.000155897401958851,0.000142674739929475,9.37406414397499e-05,-0.000297735143099107,-7.36765864141012,1.24989997764999,0.305140351413057,0.00166116711197505,0.244131816040808,0.703608419981296,0.00164670944748714,0.56293178059271,0.546291557668691,0.81065552674847
"2","B-10:11:1","B-1-119",2,"IP 11275",5,0.0593518439480624,0.000230206902617973,0.000384892505627916,5.61988561992175e-05,-8.69806080106017e-05,-5.37846863084564,1.45485290917378,0.367885521131574,0.00401946054725628,0.252867845822639,0.844714577956587,0.00420745012898508,0.58061854406732,0.610138331217197,0.860253054309588
"1","B-10:12:1","B-1-120",14,"IP 18157",5,0,0,0,-9.72345951616239e-09,-1.41858805696385e-08,-0.633994513974723,-0.0125291368921862,-0.00263784970992488,7.10812213623466e-08,0.210537224760468,-0.00633218658257047,1.66123668987113e-07,0.505396871074138,-0.00619695030961575,-0.733411021128425
"12","B-10:1:1","B-1-109",39,"IP 2058",5,0.0742692455049574,0.000250532631881265,0.000227307590068507,0.000136352549981956,-0.000177856327355632,-8.00554301004338,1.37022669902383,0.408127960556653,0.00150583483265465,0.297854333773682,0.909043296666294,0.00284239627699783,0.663425473546758,0.461183402357534,0.881159477135638
"11","B-10:2:1","B-1-110",30,"IP 9532",5,0.0915556667107284,0.00023623307278367,0.000141024657135606,0.000137837698591535,-0.000182004869502208,-7.59512617237478,1.63407079831883,0.452839646690458,0.000523047167157095,0.277123639414124,1.03012557765496,0.00256393468264293,0.630404495762834,0.603945220663877,0.833246755972099
"10","B-10:3:1","B-1-111",27,"IP 9651",5,0.0715657390008581,0.00037843718103466,0.000187107033408231,0.000173805130674467,-1.83967477454792e-05,-7.81615411644997,1.52310494457559,0.41259423589809,0.0018757604553189,0.270890221561888,0.931196779510693,0.00350776252138656,0.611380576779735,0.591908165064901,0.850651118580649
"9","B-10:4:1","B-1-112",37,"IP 11218",5,0.0690998218084809,0.00033639629268973,0.000338359658582414,-1.26741772399874e-05,0.000136520180817367,-6.63732670147908,1.17944918048555,0.364221588577992,0.00298125276050816,0.308806512908042,0.797759388104198,0.00416747228754202,0.676383011072829,0.381689792381354,0.90728614278661
"8","B-10:5:1","B-1-113",8,"IP 17720",5,0.0727892213653915,0.000609489111352474,0.000333121617281484,0.000115209778538072,-0.000116365760800953,-6.45778163912047,1.45174070463518,0.364488280066426,0.0037717995739828,0.251069821837103,0.929327944412409,0.00472224622628719,0.64014733584669,0.522412760222774,0.884491381861488
"7","B-10:6:1","B-1-114",18,"IP 8210",5,0.0832033812205219,0.000292376090394684,0.0002774803333221,0.000147702036400681,0.000143554923268552,-7.19183392499657,1.76544260433813,0.473833391565242,0.00234372104316184,0.268393540747751,1.05587660325997,0.00378334705046217,0.598080391095931,0.709566001078162,0.844600757803892
"6","B-10:7:1","B-1-115",32,"IP 9301",5,0.0681106449129063,0.000284165979489732,0.000286466252871417,9.97569744807499e-05,7.34038404296279e-05,-7.39186438027569,1.09627779189007,0.354139070209378,0.0019721937508884,0.323037712548034,0.755330368129372,0.00376438335635796,0.688995411306401,0.340947423760699,0.907458783497988
"5","B-10:8:1","B-1-116",24,"IP 17150",5,0.0637978409520446,0.000121890741273231,0.00029015393525028,-3.30135539006035e-05,-0.000104047186299302,-7.00302718313757,1.47318158409824,0.419290588707779,0.00193995740174446,0.284615687050169,0.89926684640325,0.00317177352833274,0.610424985018872,0.573914737694995,0.846901576821151
"4","B-10:9:1","B-1-117",10,"IP 4952",5,0.0722780482432799,0.000265589118183541,0.000288319649874841,0.000304012400893502,0.000337893120011863,-7.23304026650202,1.56507043165419,0.461297303392762,0.00243954910255494,0.294745395518845,0.981933036158824,0.00470231733286662,0.62740501404846,0.583137395495362,0.863924478062577
"111","B-1:10:1","B-1-10",39,"IP 2058",1,0.0622229328760958,0.000177212853972806,0.000220429353733135,0.00016099016708663,-1.32517575401272e-05,-8.09459073314047,1.05104470603409,0.340072541892742,0.00105187519168609,0.323556685971939,0.678472095124014,0.00327651234310604,0.645521633122622,0.37257261091008,0.834537902065314
"110","B-1:11:1","B-1-11",16,"IP 12116",1,0.0706057643773945,0.000248551699593991,0.000184567271106126,0.000257327815017503,2.63210086179795e-05,-8.18859389280323,1.45229009423126,0.42040247527854,0.0014362384590666,0.289475551026926,0.932181062513168,0.00359250365940526,0.641869738157651,0.520109031718091,0.857904048950236
"120","B-1:1:1","B-1-1",7,"IP 7108",1,0.060447858001553,0.000259473086438142,0.000371172702684379,6.16130237928507e-05,3.74641767862242e-05,-6.75352494329333,1.28362261552196,0.380751678405865,0.00302940754051617,0.296622756409632,0.798214543894688,0.00420118454598736,0.621845185837668,0.485408071627274,0.874393942046738
"119","B-1:2:1","B-1-2",28,"IP 11346",1,0.0697011101096174,9.20710674425079e-05,0.000115175606800749,0.000359890803129713,-0.000145150556051982,-7.21434899317214,1.81660825379255,0.488863701311686,0.00074107071707578,0.269107937988876,1.05501084712341,0.00416246217003086,0.580758589487223,0.761597406669142,0.789446450272937
"118","B-1:3:1","B-1-3",3,"IP 3106",1,0.0781242954828888,0.000150689940074962,0.000344457430481115,0.000121140789392465,0.000142107073958767,-6.77332532257217,1.72360233221149,0.522903062163451,0.00228314291209684,0.303378019622736,1.07809269587376,0.00503283695903505,0.625488069797685,0.645509636337738,0.833455588099536
"117","B-1:4:1","B-1-4",22,"IP 10339",1,0.0634294208695296,0.000474153891432334,0.000309044282260458,0.000149949180170801,0.000237507800601039,-6.70225328747439,1.27483421920811,0.368160629620044,0.00361576271702912,0.288790984798584,0.807844198319156,0.00463409719995783,0.633685687242506,0.466990020888955,0.882943099490369
"116","B-1:5:1","B-1-5",14,"IP 18157",1,0.0782248777438341,0.00025656593826877,0.000442507775477004,-2.49954596637049e-05,0.000146738734859681,-6.72983712740155,1.45829480289903,0.49780242233761,0.00157254077232593,0.341359251468221,0.967472541319877,0.00604563032957044,0.663427270944519,0.490822261579151,0.845756955516857
"115","B-1:6:1","B-1-6",34,"IP 10543",1,0.0713773422964425,0.000276197091463642,0.000366199335169426,0.000421334915219451,-0.000398924334048046,-7.94394688825267,1.36332772647686,0.402062422468679,0.00453147846968288,0.294912525184019,0.904886729590552,0.00449647727680435,0.663733827176666,0.458440996886312,0.889895610176494
"114","B-1:7:1","B-1-7",10,"IP 4952",1,0.0718194325115544,0.000286572724973057,0.000302334362095315,0.000233145317800685,-0.000126927389040876,-6.76867841664566,1.63414732961507,0.4384328350954,0.00303105884718939,0.268294557748765,0.99082521293426,0.00394691019075929,0.60632550993285,0.643322116680806,0.842859225861973
"99","B-2:10:1","B-1-22",25,"IP 10964",1,0.0643436141230347,0.000246904201084067,0.000380094326253865,2.03897551933613e-05,0.000133582509238891,-6.91883988147188,1.14889482083444,0.374112085052687,0.00242910704420134,0.325627793135118,0.752370830270807,0.00466053522009931,0.654864846308872,0.396523990563636,0.896986430880285
"98","B-2:11:1","B-1-23",35,"IP 18389",1,0.071978723460422,0.000445795052295594,0.000308898186303268,9.9433111118571e-05,-0.00014767136624467,-6.74820659553477,1.38148948870368,0.407355904070612,0.00334356473489979,0.294867175900742,0.891332023055636,0.00488891202991,0.645196384296792,0.49015746564804,0.866503981181277
"97","B-2:12:1","B-1-24",18,"IP 8210",1,0.0675361649348865,0.000431414364520732,0.000326872124995789,8.67857021409009e-06,-5.68134071752928e-05,-7.26694675875809,1.12214495794922,0.382518400238158,0.00301790998738892,0.340881449877235,0.835950900762276,0.00497353206618432,0.744958033131498,0.28619405718694,0.913281087252838
"108","B-2:1:1","B-1-13",12,"IP 8955",1,0.067202150853098,0.000223542721594778,0.000216915401497657,-1.97501218531476e-05,-7.25440423675145e-05,-7.09209598415118,1.62804415396921,0.414951084316773,0.00123711190474317,0.254877045751561,0.950763701189607,0.00249566113778391,0.583991348681558,0.677280452779606,0.836244740740776
"107","B-2:2:1","B-1-14",1,"Tift 383",1,0.0727790383892673,0.000390790907792926,0.00023790521000184,9.79795528011075e-05,5.82988296183737e-05,-7.06382307732427,1.66044518526771,0.493811445470102,0.00239384536720207,0.297397017288762,1.08561001205501,0.00528010385532804,0.653806594572996,0.5748351732127,0.856640605150697
"106","B-2:3:1","B-1-15",5,"IP 5695",1,0.100882599916327,0.000422725741418646,0.000378014074641018,0.000300834039389116,8.08880012390635e-05,-7.54368207518854,1.3821643185966,0.45675231578638,0.00342178646504904,0.330461660484876,0.942292912319207,0.00648378779550558,0.681751727809019,0.439871406277393,0.888950748678656
"105","B-2:4:1","B-1-16",32,"IP 9301",1,0.0701352881923417,0.000233122159955085,9.18997316811812e-05,0.000168141676263713,8.32545808998573e-05,-7.50920037845541,1.44393218721324,0.439299035120737,0.00136744575957691,0.304237996085244,0.942055738999792,0.00470396683358066,0.652423810025278,0.501876448213444,0.830999989752555
"104","B-2:5:1","B-1-17",19,"IP 21169",1,0.064222325626024,0.000361292423111875,0.00029102680673169,0.000196280446932616,6.03411000962448e-05,-7.27999148602545,1.17036714211132,0.345364010779126,0.00370929723585227,0.295090316835191,0.797088741938301,0.00433734926821328,0.681058715045921,0.373278400173017,0.902927393134904
"103","B-2:6:1","B-1-18",36,"IP 15872",1,0.073427397990906,0.000300279132521786,0.000424666721903109,0.000162706931409278,0.000158278099679038,-6.82386779602017,1.47011353262032,0.437309956865499,0.00375220770102442,0.297466792300075,0.911998164546477,0.00510639956131369,0.620359002424075,0.558115368073848,0.879378382213104
"102","B-2:7:1","B-1-19",37,"IP 11218",1,0.0674297067230788,0.00042814284610044,0.000450874215996074,3.82509911567614e-05,8.98942397051882e-05,-5.38200831299232,1.23018492432932,0.346534888523931,0.00423838386963306,0.281693330547728,0.749454477680133,0.00510845948126347,0.60922099016026,0.480730446649188,0.895478145444296
"101","B-2:8:1","B-1-20",24,"IP 17150",1,0.0690561613649855,0.000229695667747444,0.000189342969228603,0.000306820126072858,-0.000170153734124937,-8.65051017245663,1.25161394354483,0.382175983367772,0.00170092158280362,0.30534653703631,0.847102005488096,0.00315738783404589,0.676807740802991,0.404511938056731,0.879344411255831
"100","B-2:9:1","B-1-21",23,"IP 13459",1,0.0757580950721675,0.000357558462336109,0.000235167199550509,8.47030072569716e-05,8.99434657595073e-05,-7.16836527890187,1.75854239470877,0.499218161355383,0.00268947403015974,0.283881789178054,1.11480896510074,0.00439814259650595,0.633939203544403,0.643733429608024,0.860136485745057
"87","B-3:10:1","B-1-34",13,"IP 3122",1,0.0737339434193705,0.000538521167940598,0.000514846980737349,0.000228319362788777,-8.38445704520184e-05,-7.24521937755032,1.20018499437115,0.392329671104154,0.00498510534610232,0.326890998424554,0.871788972694838,0.00610557535527956,0.726378830583214,0.328396021676313,0.946635305988874
"86","B-3:11:1","B-1-35",2,"IP 11275",1,0.0707892011659251,0.000322525473227179,0.000435347133554546,0.00013314555550097,-1.59617320643974e-06,-6.25348578845828,1.67800303986892,0.46490042420821,0.00390949185505434,0.277055769961255,0.997341249934433,0.00512202963287444,0.594362004262128,0.680661789934485,0.854542639140893
"85","B-3:12:1","B-1-36",33,"IP 3389",1,0.0685457304914496,0.000138191825704069,0.000318181486491137,7.10085701751708e-05,2.91724093084145e-05,-7.42439633503807,1.09083735666223,0.357014168410859,0.000937172306096403,0.32728450875872,0.693557806298693,0.00398181726956642,0.635803130560963,0.397279550363539,0.835394059791636
"96","B-3:1:1","B-1-25",15,"IP 12839",1,0.0630868507944349,0.000266210451427037,0.000218652415794087,-0.000197973499093183,-5.20487208492616e-05,-5.55209336979093,1.13941380461615,0.306349718595843,0.00146754279521762,0.268866076007431,0.695167726517602,0.00260810946729732,0.610109973831491,0.444246078098552,0.859761967091329
"95","B-3:2:1","B-1-26",11,"IP 8174",1,0.085754974516769,0.00157138675416705,0.000530393993508227,4.43921289326239e-05,0.000348387295857682,-5.09261933723859,1.31487527480424,0.352425925165576,0.00488866967143233,0.268029927947382,0.901099255316235,0.00809660414114919,0.685311582461986,0.413776019488009,0.906160666730765
"94","B-3:3:1","B-1-27",31,"IP 3110",1,0.0890191521039362,0.00023308934894748,0.000189497960155624,0.000182891636550849,-0.000139451911045268,-7.40567583552248,1.5317322250123,0.454818633645382,0.00112088368008905,0.296930903599504,0.981953847496045,0.00389506288842212,0.641074093409609,0.549778377516258,0.835631036586705
"92","B-3:5:1","B-1-29",40,"PT 732B-P2",1,0.095810954060705,0.000360357345873697,0.000585740222795288,0.000225430325264214,-0.000492531482246732,-7.74492982786544,1.4094555911014,0.476610093942359,0.0025759736258091,0.338151905566545,0.981360815480311,0.0047338026160922,0.696269411875148,0.428094775621089,0.880215802675539
"91","B-3:6:1","B-1-30",8,"IP 17720",1,0.0689570091611579,0.000128840402885563,-6.21650410814716e-06,0.00030453791203164,-0.000216047406672134,-8.78921561149558,1.09309392497077,0.324491339390794,0.000308077146330586,0.296855862042661,0.7481213942587,0.00210032716552343,0.684407238178277,0.344972530712073,0.836546967423451
"90","B-3:7:1","B-1-31",29,"IP 18412",1,0.0725858601230047,5.20509805283959e-05,0.00024010989870711,8.2136923343468e-05,-0.000274169191205159,-5.74890242310172,1.51476638512874,0.4011588317693,0.00171294189722462,0.264832145542499,0.855437287073407,0.00311439770308718,0.56473215637189,0.659329098055334,0.793223114630924
"88","B-3:9:1","B-1-33",21,"IP 8426",1,0.0717536143808413,0.000748373575931191,0.000226698719820395,0.000134295886779246,-0.000462980022103235,-7.6540948224503,1.35360964511795,0.367392764413969,0.00197680952285167,0.271417070452356,0.908432937374327,0.00349476121687346,0.671118841869043,0.445176707743626,0.880665623010838
"75","B-4:10:1","B-1-46",16,"IP 12116",3,0.078489616453868,0.000405570582728682,0.000413845680189607,-0.000118851312490014,-0.000481377822147791,-6.94020123724137,1.17406248060715,0.392328572761377,0.00206397724300256,0.334163282825024,0.838633727891716,0.00456766440947453,0.714300764860509,0.335428752715437,0.915710922726637
"74","B-4:11:1","B-1-47",29,"IP 18412",3,0.0708484590721711,0.000175665671934599,0.000267953907801464,0.00021346045127625,-2.21057003367952e-05,-8.0154677497787,1.45720529603838,0.453645812269735,0.00191925133174942,0.311312217642246,0.998314457827647,0.00361993206488824,0.685088408985135,0.458890838210734,0.885345555456353
"73","B-4:12:1","B-1-48",18,"IP 8210",3,0.0564526242473207,0.000138058521326259,8.20034959322757e-05,3.34053022852999e-05,0.000283864777922062,2.02610848332154,0.71207009212556,0.146033970304604,0.00227098779713253,0.205083701618034,0.314846119153548,0.00356966764774787,0.442156077941315,0.397223972972012,0.52740407296071
"84","B-4:1:1","B-1-37",6,"IP 7922",1,0.0661025869520249,0.000294155291627612,0.000397192925741566,0.000213937886183729,0.000401223256738521,-6.36619645861161,1.01817958586923,0.339547867413515,0.00420603034442467,0.333485243787952,0.689138228751412,0.00517437300559551,0.676833672876174,0.329041357117816,0.893614215949888
"82","B-4:3:1","B-1-39",20,"GICKV 93191 (=ICMV 93191)",1,0.0561001009018383,0.000260483991152946,0.000531599221150775,-0.000102487205999501,5.94850370996369e-05,-5.46414052877266,1.21506894902992,0.379995702153652,0.00404391370345701,0.312735917132137,0.761150139084181,0.00535657991839652,0.626425471321497,0.453918809945734,0.898082353565705
"81","B-4:4:1","B-1-40",27,"IP 9651",1,0.0632521852565416,0.00022765939274007,0.00040253701548164,9.10071940981731e-05,-0.000329082682124748,-7.75639206261649,1.85083483456152,0.534688988523643,0.00313938578087275,0.28889070949992,1.15923823505697,0.00462052664851011,0.626332622128117,0.691596599504543,0.871438174007814
"80","B-4:5:1","B-1-41",11,"IP 8174",3,0.0796008002921847,0.000355720148663113,0.000307138083449677,0.000246303026346636,-5.59819521316775e-05,-7.46665415110377,1.35783607184848,0.416510475179447,0.00414418535722909,0.306745772788636,0.867212539874023,0.0050013299150503,0.638672486210688,0.490623531974458,0.870571901906827
"79","B-4:6:1","B-1-42",26,"ICMB 90111-P6",3,0.0685088937293598,0.000274486211166841,0.000308060961815639,0.000184797218382687,-6.97365568068565e-05,-7.57216529842392,1.25743819870547,0.405259947434516,0.00343208020317062,0.32229015139808,0.872327365621654,0.00468382900772369,0.693733788682188,0.385110833083819,0.888376042350495
"78","B-4:7:1","B-1-43",6,"IP 7922",3,0.0675616957177022,0.000355264026786184,0.000154648671353291,0.000173747884180841,-0.000228587595507162,-7.57718239774655,1.63038397853397,0.44110960009195,0.00168930400552206,0.270555651858522,1.01834602063276,0.00314747578679337,0.624605021909286,0.612037957901211,0.838599181206158
"77","B-4:8:1","B-1-44",22,"IP 10339",3,0.0753467967070268,0.000309794065174048,0.000495696901549421,-7.28208145142325e-05,0.000244467106671042,-5.29508881106404,1.35923245830558,0.4362679736481,0.00467884063292778,0.320966418203368,0.855361851873724,0.00652311804740564,0.629297694185451,0.503870606431856,0.867713959924786
"76","B-4:9:1","B-1-45",40,"PT 732B-P2",3,0.0685279676144349,0.000240789465539723,0.000240133426501631,0.000175119862175841,2.32557259050325e-05,-7.74707263220335,0.932905125364248,0.298056376819544,0.00241625556793339,0.319492699435186,0.623985712487047,0.0035481840455421,0.668862991017886,0.308919412877201,0.895568781896348
"63","B-5:10:1","B-1-58",1,"Tift 383",3,0.0665345069588591,0.000227646166497807,0.000422200402054052,1.92621567018588e-05,1.467777956269e-05,-7.07227323002321,1.13477548348748,0.390920789445884,0.00274712058094541,0.344491747604978,0.794304576384349,0.00412865843223963,0.699966282266897,0.340470907103127,0.916228975798
"62","B-5:11:1","B-1-59",36,"IP 15872",3,0.0939174811057486,0.000306787800509503,0.000304281539661079,0.000458873815683971,-0.000209174644941915,-8.06123799090988,1.58676100761354,0.475102290507251,0.00283116546395195,0.299416413831466,1.03740605185495,0.00455158367239719,0.65378847027202,0.549354955758595,0.864291321006174
"61","B-5:12:1","B-1-60",24,"IP 17150",3,0.08044790886296,0.00021484702104617,0.000432280785999141,8.18347000407133e-05,0.000107332406900489,-6.74856409891435,1.76233820437132,0.509453073661558,0.0031312501731595,0.289077926358236,1.08134130260588,0.00496643152681631,0.613583306497987,0.680996901765439,0.864686591288597
"72","B-5:1:1","B-1-49",3,"IP 3106",3,0.0499390860805916,8.36955328900626e-05,6.17779339559288e-05,2.0535254074517e-05,-8.77847830423163e-05,-7.93685995982455,1.20598872766638,0.295390153623756,0.000362115004467113,0.244936081778596,0.694479446166588,0.000956983629740707,0.575858986269654,0.511509281499787,0.806691081522746
"71","B-5:2:1","B-1-50",34,"IP 10543",3,0.0698483615431479,0.000300936939295947,0.000167064446714609,3.48972361147328e-05,-0.000274379627474503,-7.46717257457165,1.20496615851569,0.365357565868081,0.000456232814600335,0.303209814886535,0.80713513925663,0.00280741754302576,0.669840504276803,0.397831019259058,0.853803486409707
"70","B-5:3:1","B-1-51",20,"GICKV 93191 (=ICMV 93191)",3,0.0786470964311032,0.000182234436190989,0.000496001092400573,-1.70030398857414e-06,0.000226053274979165,-6.71026598531307,1.46461888453144,0.495582595811502,0.0018475546735388,0.338369661244705,0.958012122379426,0.00588871287950054,0.654103352413014,0.506606762152018,0.854921384911359
"69","B-5:4:1","B-1-52",38,"IP 7941",3,0.0699000017857312,0.000372885022424744,0.000226154480540998,5.07603625999966e-05,-5.0254592358933e-06,-6.40038082684572,1.37087126607756,0.382296938112154,0.00184512560425193,0.278871508632617,0.866245332592915,0.00361425795239959,0.631894003491286,0.504625933484641,0.846065717791628
"68","B-5:5:1","B-1-53",14,"IP 18157",3,0.092509328507287,4.34757984418118e-05,0.00030357435029345,4.69542620836641e-05,0.000260616386766519,-6.77221993196905,1.65353645671973,0.495748896372029,0.0018103026696682,0.299811288924039,1.02079633314151,0.00502400714977495,0.617341292351398,0.632740123578219,0.843220905744258
"67","B-5:6:1","B-1-54",9,"IP 18090",3,0.0644231983699609,0.000323755116107173,0.000235234219033006,-4.7500737713921e-05,0.000270574786332738,-5.65522139563338,1.33332894092891,0.38936514242944,0.00226377970076973,0.292024818840409,0.789750228153208,0.00419643018646138,0.59231462237893,0.543578712775705,0.824503604391615
"66","B-5:7:1","B-1-55",8,"IP 17720",3,0.0800599177747525,0.000192452700043419,0.000335414850057999,2.9581227307233e-05,-0.000170219722950203,-7.42795662338824,1.36229872162784,0.424410493073861,0.00199131224263541,0.31153996281133,0.898911225692671,0.00407512312750559,0.659848835957609,0.463387495935172,0.88352906562032
"65","B-5:8:1","B-1-56",31,"IP 3110",3,0.06956592232961,0.000234742435892939,0.000375231197585107,-0.0001118668329713,0.000218966106846692,-5.94220786549288,1.25414875740159,0.393462143812297,0.00275461376740561,0.313728448471688,0.792342990557784,0.0045542799621665,0.631777519119344,0.461805766843805,0.869870543664393
"64","B-5:9:1","B-1-57",28,"IP 11346",3,0.0705650154101606,0.000414871819672576,0.000377304271149088,9.65324067952685e-05,-0.000338642411025913,-7.20209873971017,1.42241397340603,0.421833450320496,0.00342653270997965,0.29656166081552,0.946822275227156,0.00471245352491248,0.665644666692881,0.475591698178878,0.901765371491558
"51","B-6:10:1","B-1-70",13,"IP 3122",3,0.0713947759186998,0.00045337345778269,0.0002650854127057,0.000351600718694953,8.66169563531045e-05,-7.48171264073086,0.900971302449095,0.331007895051114,0.00249872199719993,0.367390053547034,0.62058153309447,0.00417440048422254,0.688791675614477,0.280389769354625,0.819514328644773
"50","B-6:11:1","B-1-71",32,"IP 9301",3,0.0869164755870854,0.000284889005616026,0.000325688438196246,0.000188307324064266,-0.000291524804156352,-7.47834677360933,1.66162865111472,0.485471735666265,0.00261780480374014,0.292166204127848,1.05048398500181,0.00347736428833187,0.632201415338552,0.611144666112905,0.84608388282336
"49","B-6:12:1","B-1-72",21,"IP 8426",3,0.0638974289177278,0.000346380674792438,0.000452659237330853,8.25497309536093e-05,0.000289992766156944,-5.59016917742131,1.23667400449403,0.38273696764759,0.00462947453201533,0.309488973049274,0.767110524520708,0.00584189867336931,0.620301325760109,0.469563479973319,0.88697882275864
"60","B-6:1:1","B-1-61",19,"IP 21169",3,0.0717089589455857,0.000369152550356013,0.000428245828537681,2.81246386600141e-05,-0.000166909272472457,-6.04117093843635,1.14637978557408,0.326598665233592,0.00472703094916488,0.284895694553824,0.750588841408106,0.00505290404474262,0.654747101138237,0.395790944165979,0.915688526677013
"59","B-6:2:1","B-1-62",4,"IP 8767",3,0.0606018969260908,0.000279607393906835,0.000160246174363353,0.000152500472262539,-6.67043336828057e-05,-7.11788538028561,0.94914891664635,0.289231777942423,0.0021262060972168,0.304727501522492,0.620630145640416,0.00305922472581426,0.653880686956166,0.328518771005934,0.838902361381716
"58","B-6:3:1","B-1-63",12,"IP 8955",3,0.0728223068331156,7.08018344495487e-05,0.000274941380673435,5.49579641329016e-06,-0.000355784804473252,-7.12443775692121,1.4001149911635,0.37387953159489,0.00136701255437388,0.267034874959945,0.792907100947646,0.00268251801090014,0.566315699747446,0.607207890215854,0.816255005235677
"57","B-6:4:1","B-1-64",37,"IP 11218",3,0.0780933710184856,0.000198957947299281,0.000242638205844546,0.000117021965951761,-0.000224294151270994,-7.30660055110263,1.19472664632316,0.361759199070228,0.00197908632029655,0.302796627315178,0.745561124674241,0.00407115458064689,0.624043271294522,0.449165521648923,0.86220552523513
"56","B-6:5:1","B-1-65",27,"IP 9651",3,0.0631702571607358,0.000194745483647891,0.000376677643364757,4.26421231876811e-05,-0.000169401715931707,-7.30945811512647,1.09586080027777,0.346227154470318,0.00226764622895345,0.315940815094909,0.72668849487551,0.00391307943074853,0.66312116893981,0.369172305402259,0.905475288066703
"55","B-6:6:1","B-1-66",7,"IP 7108",3,0.0842191781282424,0.000193258896918321,0.000426372266169608,6.12917409412888e-05,0.0001283912592805,-4.60068192879444,1.29658198990524,0.370494120270859,0.00246003946718363,0.285746773559561,0.714409426418293,0.00439324650119221,0.550994408360171,0.582172563486951,0.809405787524463
"54","B-6:7:1","B-1-67",30,"IP 9532",3,0.0735232448143872,0.000249834496296847,0.000391753486985764,-0.000100551806526425,0.000416432345561981,-6.15353915860631,1.51833220556784,0.485315953800966,0.002295982184853,0.319637528612827,0.997085055746527,0.00566759420017541,0.656697560711775,0.521247149821308,0.878019151956853
"53","B-6:8:1","B-1-68",23,"IP 13459",3,0.0717932680274993,0.000110623182990765,0,0.000101744493330135,1.66387975965705e-09,-4.48547451865835,2.28425251762197,0.483186175335788,2.34474781871512e-06,0.211529229631236,1.15955452590444,4.12245898972136e-06,0.507629746255723,1.12469799171753,0.735263346589884
"52","B-6:9:1","B-1-69",35,"IP 18389",3,0.0724892562424557,0.000193557180719471,0.000265350383982835,-6.25636449659792e-05,-5.33998709782164e-05,-6.25145383786644,1.78716633285229,0.511110230826644,0.0014791431963537,0.285989178193011,1.06647839886419,0.00455246743332993,0.596742664216434,0.7206879339881,0.812495915189349
"39","B-7:10:1","B-1-82",21,"IP 8426",5,0.0642916723024919,0.000214740824178513,0.00020101641046726,0.000311803955521899,-0.000174823559746666,-8.6548173588208,1.19486009943966,0.361843389157088,0.0015872108617466,0.302833268369057,0.765459606344979,0.00290948717942139,0.640626971060419,0.429400493094679,0.848294275129325
"38","B-7:11:1","B-1-83",15,"IP 12839",5,0.0792668420414993,0.000237786806660866,0.000398125466727296,-0.00012591209360656,-0.000653646805681097,-6.73912120729419,1.6182661574165,0.491976905729743,0.00345944783069688,0.304014826902865,1.03689679308396,0.00517060528281862,0.640745521576825,0.581369364332541,0.878706609845826
"37","B-7:12:1","B-1-84",3,"IP 3106",5,0.0989665016602923,0.000621139670473581,0.000356971063767601,0.00023395067193955,-0.000265617862019045,-7.12249600490304,0.933711438576441,0.290549682352881,0.0044904268948851,0.311177169250341,0.65603179052757,0.00499408418235037,0.702606569249887,0.277679648048871,0.932707250322605
"48","B-7:1:1","B-1-73",25,"IP 10964",3,0.0623340084150553,0.000261332008219694,0.000245737330054296,0.00014243464445263,-0.00011434196072123,-7.42847385482272,1.10981981493865,0.350066814245209,0.00226249497975096,0.315426711195061,0.733522818683863,0.00304247464283387,0.66093865761841,0.376296996254787,0.857798365261147
"47","B-7:2:1","B-1-74",17,"IP 12395",3,0.0777376952652406,0.000621178871582622,0.00028800009193206,0.000212392649089757,-0.000214834361633902,-7.24244928597711,1.28760427951887,0.385847947564772,0.00304090914271285,0.299663455381609,0.847045220295941,0.00478763171396267,0.65784591878838,0.440559059222928,0.879275733643508
"46","B-7:3:1","B-1-75",39,"IP 2058",3,0.0636835861512381,0.000485075777802883,0.000396289583222353,0.00012270618414996,-3.242946168295e-05,-6.40072416462347,1.32603506213298,0.37586890419346,0.00442168677838597,0.283453216982709,0.795517484823055,0.00459811498759493,0.599921908206131,0.530517577309928,0.869536154945968
"45","B-7:4:1","B-1-76",15,"IP 12839",3,0.0612323263571984,0.000291509630873411,0.000376281196373956,0.000156208997347819,-0.000282965741441241,-7.51396732917934,1.21811482687414,0.363055790212373,0.00339067656447682,0.298047263035151,0.810461053962896,0.00404249542097111,0.66534043924468,0.407653772911242,0.911869827654497
"44","B-7:5:1","B-1-77",10,"IP 4952",3,0.0828880746239503,0.000251816717495573,0.000437386430394753,7.29951302116564e-05,0.000264744733331149,-6.70719307431346,1.25651674727701,0.405720581575101,0.0028502625242671,0.322893095101466,0.840783969622696,0.00486705621262352,0.6691386895119,0.415732777654318,0.900755225025771
"43","B-7:6:1","B-1-78",2,"IP 11275",3,0.0731965349204193,0.000192696928911566,0.000150751274091503,1.28655630869912e-05,-6.16191192712927e-05,-6.31198881371212,1.39311887954928,0.413620124517417,0.000980837706696802,0.296902246168135,0.865853362273072,0.00430590469278235,0.621521519077541,0.52726551727621,0.810430413773252
"42","B-7:7:1","B-1-79",33,"IP 3389",3,0.0718580040652705,0.000207795408175897,0.000477497533321917,-0.000124788284902206,-0.000209350543272553,-6.47582517544693,1.21492331019204,0.387252389353726,0.00248604054213652,0.318746365391997,0.763780024518977,0.00444859347614734,0.628665215418616,0.451143285673063,0.883200773836596
"40","B-7:9:1","B-1-81",35,"IP 18389",5,0.0811118610537651,0.000406283251667576,0.000419270566672034,0.000163276072652665,0.000240611812816326,-7.31018088426342,1.26255855747901,0.44261615178787,0.00271584429398548,0.350570790690023,0.92911638731663,0.00554362897185395,0.735899639515992,0.333442170162375,0.929857937338973
"27","B-8:10:1","B-1-94",1,"Tift 383",5,0.064193411552305,0.000170859825590526,0.000215330981794256,0.00032474338265451,4.5688410572264e-05,-7.54604896968135,1.1872165619141,0.352602110112413,0.00158718683242945,0.296998981840287,0.744768291721234,0.00287419815722595,0.627323030703408,0.442448270192866,0.851404739315894
"26","B-8:11:1","B-1-95",7,"IP 7108",5,0.0701019589434054,0.000420425109479889,0.00051820374603899,0.000284465387402699,-0.00032373939139498,-7.6020515497764,1.38828609879728,0.437920900708036,0.00385574466911254,0.315439952245738,0.896459819211956,0.0055461185604974,0.645731322951798,0.491826279585321,0.902862223283957
"25","B-8:12:1","B-1-96",31,"IP 3110",5,0.0561397961724316,0,0,-0.000160661244089097,2.69286185791054e-06,5.56156697138221,0.554168217141162,0.1146065476704,0.000118421027649391,0.206808229208147,0.27264630226108,0.000269396094993858,0.491991950869368,0.281521914880082,0.717190128682659
"36","B-8:1:1","B-1-85",28,"IP 11346",5,0.0611196289845087,0.000140023296286797,7.45099810512586e-05,0.000231613544979644,-8.14809506185849e-05,-8.20118415416423,1.24353125566241,0.286802936455446,0.00111548017011108,0.230635888844362,0.684623495243496,0.000977093149981999,0.550547878974548,0.558907760418914,0.791046202669121
"35","B-8:2:1","B-1-86",11,"IP 8174",5,0.0664598251254871,0.000181236007338088,0.000339391171362191,8.26511043009089e-05,-7.14040111671356e-05,-7.52475059528903,1.53705507711561,0.442535712579394,0.00158305971421816,0.28791142176235,0.920741014469815,0.00335884551921285,0.599029291909077,0.616314062645795,0.831772321828739
"34","B-8:3:1","B-1-87",38,"IP 7941",5,0.0796919923710528,0.000731272020086367,0.000244073820354476,0.000284977867325892,-0.000160334224362515,-8.15742860841564,1.38458916457465,0.41531243813663,0.0021190661279177,0.299953552116823,0.957312388700872,0.0042967414519211,0.69140537366184,0.427276775873779,0.896413636804403
"33","B-8:4:1","B-1-88",29,"IP 18412",5,0.0965985001640714,0.000150757451466955,0.000162183213973277,2.34628690995939e-05,7.38311231918316e-05,-6.93168086166452,1.7568209834996,0.530536017364204,0.00185781542240249,0.301986384695482,1.16648170186077,0.0044992114028454,0.663973001698293,0.590339281638823,0.845285803676362
"32","B-8:5:1","B-1-89",19,"IP 21169",5,0.0747491894462825,9.44553145654179e-05,0.000238167343918862,0.000257182513437564,0.000356013288922009,-7.64384452976604,1.27338206298324,0.396443243008777,0.00170772431631635,0.311330946566032,0.8424812355065,0.00356186034088035,0.66160915878834,0.430900827476737,0.87320190371727
"31","B-8:6:1","B-1-90",5,"IP 5695",5,0.0757948811557013,0.000318492213467793,3.56209699409628e-05,0.000209007288766891,-0.000133214273559511,-8.74357214803068,1.24644921142575,0.339533304747171,0.0014279017740663,0.272400432873471,0.770442893477352,0.00197846218924343,0.618110137513009,0.476006317948399,0.82444203561643
"29","B-8:8:1","B-1-92",26,"ICMB 90111-P6",5,0.0660595378595294,0.000369035372848846,0.000322094512932784,0.000346880689675313,0.000290312597123138,-7.47025465633328,1.25914874974702,0.400706052066296,0.00307401825182662,0.318235674813484,0.83859237338243,0.00518934416483118,0.665999448874421,0.420556376364587,0.887019079325542
"28","B-8:9:1","B-1-93",40,"PT 732B-P2",5,0.0917053128843475,0.000497237354865695,0.000211822612359739,0.000377104041813188,-8.54685813508372e-05,-7.85029682706906,1.33521600577046,0.363331784668087,0.00178870080384247,0.272114611491969,0.84765552939073,0.00316563662351515,0.634845242812683,0.487560476379732,0.85580833707017
"15","B-9:10:1","B-1-106",16,"IP 12116",5,0.0660161185803846,0.000162706475934021,0.000256044794817537,0.000258616748168535,9.95728209906052e-05,-8.04143715341256,1.52050689045911,0.438228946008454,0.00205220778950991,0.288212403875481,0.987711646999349,0.00292823820833075,0.649593667215221,0.532795243459765,0.875335339296988
"14","B-9:11:1","B-1-107",6,"IP 7922",5,0.00625364336517551,2.1949131883251e-06,2.19510357793986e-06,2.19523660718098e-06,2.19496644670161e-06,-0.00019563440584429,0.442250535152855,0.093215159736748,1.36206356222576e-05,0.210774554980539,0.223927103509329,3.13658408793549e-05,0.506335404279236,0.218323431643526,0.735453554476126
"24","B-9:1:1","B-1-97",33,"IP 3389",5,0.0563922240822197,0.000194116463313185,0.000280565272638083,3.73165497082418e-06,-7.0244911454091e-05,-6.77432992223981,1.03502148139358,0.293241583713829,0.00206697496131918,0.283319321371959,0.657966780764963,0.00287186671483396,0.635703502384373,0.377054700628619,0.886490862419606
"22","B-9:3:1","B-1-99",9,"IP 18090",5,0.0943589818500846,0.00024139763076696,0.000194508242413345,0.000169006524859826,-0.000861295949514569,-7.7161117563705,1.88855323047508,0.498115230203544,0.00199570319805557,0.263754932699588,1.10583841273516,0.00372574950697847,0.585547918316806,0.782714817739919,0.817626196598817
"21","B-9:4:1","B-1-100",17,"IP 12395",5,0.0871346743247849,0.000120768006706285,0.000215384108777054,-5.61291618047519e-05,-0.000312644723465903,-5.30249770577158,1.38677427450532,0.417836410515628,0.00106728248516223,0.301300953008143,0.830201570253999,0.00445488582147088,0.598656598637975,0.556572704251319,0.741600229322026
"19","B-9:6:1","B-1-102",12,"IP 8955",5,0.0723799747388259,0.000186276956611817,8.47848951116136e-05,0.000410812189820587,-0.000316842737568026,-8.85194374355843,1.19481281576778,0.350393134405043,0.000924008590761659,0.293261948466699,0.7681183017089,0.00297372558705442,0.642877521543247,0.426694514058882,0.840651281876228
"18","B-9:7:1","B-1-103",36,"IP 15872",5,0.0542432063061392,0.000218960159730574,0.000388587534660686,0.000138897586680759,-0.000192860109977295,-7.40913870067317,1.81793850022403,0.503431729097857,0.00288901892124141,0.276924510392303,1.0905373993301,0.00418424895419628,0.599875847942991,0.727401100893931,0.851190744848347
"17","B-9:8:1","B-1-104",20,"GICKV 93191 (=ICMV 93191)",5,0.0621545111387486,0.000326463293242233,0.000377062867999508,0.000176110739831064,0.000250451392797076,-7.14317872144065,1.42893107410752,0.438626867499768,0.0033551001099777,0.306961529109251,0.951509374413221,0.00459811386709661,0.665888923304096,0.477421699694297,0.900718888313114
"16","B-9:9:1","B-1-105",25,"IP 10964",5,0.0677093816629254,0.000335074999402503,0.000277283117282269,1.75061561443626e-05,0.000106169299604895,-7.24034064924949,1.32867222779411,0.406611927532577,0.00257042865346043,0.306028769945498,0.89390612108403,0.00402400462088228,0.67278152006542,0.434766106710082,0.889740557953581
