"","unit","old_unit","Genotype","G..Alias","Replicates","2019-12-29","2019-12-31","2020-01-01","2020-01-03","2020-01-05","2020-01-07","2020-01-09","2020-01-12","2020-01-15","2020-01-19","2020-01-21","2020-01-24","2020-01-26","2020-01-28"
"231","B-1001:10:1","B-2-10",32,"IP 9301",2,0.0072214557452813,0.00077981489054868,0.000760411372260994,0.00423297534184938,0.00886860328085364,0.00563403472817649,0.00347960491149525,0.0075158530114114,0.00630261452570846,0.00397731319441066,0.00897336711788106,0.00621913564894976,0.00849515588540469,0.00758329779576586
"230","B-1001:11:1","B-2-11",15,"IP 12839",2,0.0113623507390429,0.000990367890375178,0.00447889159708937,0.00350415550020252,0.00942578539601375,0.00447086452872771,0.00171161507357516,0.00918862437285113,0.0079993175968584,0.00737556024451674,0.0116391902825232,0.00918054024980071,0.010193046005847,0.00525159398560123
"229","B-1001:12:1","B-2-12",1,"Tift 383",2,0.0102367866390472,0.000712259132895866,0.0038033198624757,0.00343362538848768,0.0101752650564067,0.00779509566033343,0.00350471987927044,0.00739843806999187,0.00802279055251262,0.00362101604635496,0.00744749268399677,0.00686272477639188,0.00714694701123032,0.00504582741156886
"240","B-1001:1:1","B-2-1",13,"IP 3122",2,0.0235499957533142,0.00203560969490481,0.00768014712122619,0.00325330614897123,0.00350922290659929,0.00862868629682799,0.00181361143259022,0.0204662361982274,0.0191402167036184,0.00915878444908525,0.0261147924498732,0.0185164408896661,0.0199913628979411,0.0188676567987978
"239","B-1001:2:1","B-2-2",17,"IP 12395",2,0.0113829739012507,0.000640229675341628,0.00238974067742053,0.00167620733911308,0.0117661761420255,0.00646814669000996,0.00386094614314152,0.0117606152979368,0.00935026487656447,0.00997483704546794,0.0147646155934697,0.0115553171516827,0.0112539350034423,0.00648239788891504
"238","B-1001:3:1","B-2-3",12,"IP 8955",2,0.00888595848923543,0.00229288903819149,0.00436027652939801,0.00263200018612424,0.011227665462149,0.00875994131506807,0.00409885357849054,0.00880948674321072,0.00978171430349577,0.00403082031560424,0.00996660448688189,0.00734155874950324,0.00695485884048266,0.00792113387883803
"237","B-1001:4:1","B-2-4",40,"PT 732B-P2",2,0.0083723327082069,0.00318374848180642,0.00431909436750361,0.00331610348595743,0.00694808398466334,0.00666279737095931,0.00564276879674388,0.00603710200636399,0.00566976242953796,0.00358811911325821,0.00900778373436995,0.00696370024562413,0.00655806430522092,0.00443242883908824
"236","B-1001:5:1","B-2-5",3,"IP 3106",2,0.00809707711003147,0.00229883729401369,0.00333886626135314,0.00708433335086528,0.00859844472291172,0.00468039557155041,0.00585799416560101,0.00532702183322406,0.00639807717297228,0.00316632393180784,0.00875749475831203,0.00629778288025088,0.00696046246357478,0.00958683812373917
"235","B-1001:6:1","B-2-6",27,"IP 9651",2,0.018945631699624,0.000913603572606256,0.00924006589143847,0.0042391261898204,0.0184251799086467,0.0106410881112068,0.00639377410879686,0.0185086483210067,0.0405534593242036,0.00590598332503553,0.0191523497708775,0.0157989620084585,0.0218409544945178,0.0147168980147967
"233","B-1001:8:1","B-2-8",8,"IP 17720",2,0.00905069491339488,0.00249508136377583,0.00140161556844686,0.0059782031834572,0.0086981946153934,0.00535041298398946,0.0033821815926107,0.00755438746394558,0.0090020056508808,0.00464211769767429,0.0106294299659392,0.00831940047619662,0.0104353718260862,0.0131104087515859
"232","B-1001:9:1","B-2-9",36,"IP 15872",2,0.0143826861481282,0.00115854354789849,0.00129776087937724,0.0046138860434586,0.0115506163019821,0.00814081447544252,0.00289432852434748,0.0101788729358289,0.010764808953377,0.000160433557106998,4.968555350392e-07,0.0021657338981116,0.00174649301690393,0.000360686585080264
"219","B-1002:10:1","B-2-22",18,"IP 8210",2,0.0098746654816782,0.00382355871038483,0.00598091887254029,0.00934140626264699,0.0082708343428756,0.00624863798482826,0.00148854220318943,0.00637579467191684,0.00570321928669256,0.0016525870630788,0.00873438186561924,0.00559766032838414,0.00698598260361811,0.0080043787398985
"218","B-1002:11:1","B-2-23",4,"IP 8767",2,0.0124056084644686,0.00353040100252897,0.00489149973103401,0.0044965741964449,0.00809227257774985,0.00582411585553466,0.00519544150941726,0.00842426273217186,0.0114420790204996,0.00403500074785103,0.0128522073526347,0.0094229554711573,0.00885059995405844,0.00645075329570249
"217","B-1002:12:1","B-2-24",22,"IP 10339",2,0.0120611124490327,0.00205989301485122,0.00506874919890113,0.00987657188543197,0.0113571206723656,0.00512075130654602,0.00253786351163071,0.0112307085860604,0.0108169785123571,0.00315391900513123,0.0100648782005612,0.010647151307374,0.0103508030594677,0.0038261861043077
"228","B-1002:1:1","B-2-13",25,"IP 10964",2,0.0132553125459891,0.00197854094183378,0.00515131764722096,0.0118325901007721,0.0167887905000267,0.0100931435030444,0.00141651334481178,0.0160911962464908,0.0174217351263331,0.0222236888549521,0.00795640724057792,0.0143673154243909,0.0192267340602741,0.00328877512960325
"227","B-1002:2:1","B-2-14",38,"IP 7941",2,0.00911868958459504,0.000741635464509751,0.00541309445840632,0.0076050493355174,0.00853407763188914,0.003764678507349,0.00377062856615459,0.00572314165827278,0.00632901519804013,0.00247264362205792,0.00621314259405523,0.00590902687557823,0.00578573748650051,0.00439049125624524
"226","B-1002:3:1","B-2-15",34,"IP 10543",2,0.0103763833173267,0.000404914101822095,0.00533475284502426,0.00562143826064655,0.00767727657822489,0.00537547698152931,0.00558749131285479,0.00764042107703805,0.00755040972697158,0.00508149082817185,0.00966095058236889,0.00857208068097103,0.00922367677580856,0.00765299373589796
"225","B-1002:4:1","B-2-16",6,"IP 7922",2,0.0124672681037431,0.00163091055687306,0.00460085967378129,0.00800434801825319,0.0122566785585035,0.0103125278105469,0.00436237447388539,0.010191028074313,0.0059201410142353,0.00795325273611553,0.00591728982467551,0.00375070015682709,0.0064689378273508,0.00259518989407078
"224","B-1002:5:1","B-2-17",10,"IP 4952",2,0.0116209417675377,0.00201986753006311,0.00206177762619047,0.00518804790643019,0.00938073010832316,0.0070280662668197,0.0053386983024903,0.00556436873308307,0.0053702044587838,0.00497786406421299,0.00782389035869251,0.0035111901084129,0.00724948725664808,0.005709047583312
"223","B-1002:6:1","B-2-18",23,"IP 13459",2,0.0119453133590841,0.00222331559573038,0.0054083035204942,0.00988908485238836,0.00965376675317906,0.00712875934386864,0.00780301714393813,0.00861034433956134,0.00552529820118133,0.00494502603144048,0.00933530786110221,0.00926937230419782,0.00780254728631504,0.00382861352689183
"221","B-1002:8:1","B-2-20",19,"IP 21169",2,0.0118216128365491,0.000931282980385189,0.00785059781493421,0.00320593325006291,2.5985194293846e-06,5.67271567144092e-08,3.19796351382064e-06,3.23500456490711e-06,7.95014631633901e-09,7.38600095720522e-12,7.33471984657683e-07,0.00646366453459935,0.00725853150444847,0.00543620543693274
"220","B-1002:9:1","B-2-21",9,"IP 18090",2,0.0089828485821766,0.00190966864874213,0.00386503626347946,0.00649314649250637,0.00950593645442062,0.00493820916317821,0.00557071301959223,0.0068703439585886,0.00674988495338864,0.0046503668822364,0.00754386081117955,0.00605022425680033,0.00652492923075263,0.00626499895658161
"206","B-1003:11:1","B-2-35",31,"IP 3110",2,0.0110557973213787,0.00234909763307168,0.00369870775790799,0.00380185054695329,0.00750911755554666,0.0045482375346111,0.00402114301003552,0.00443997842370765,0.00707213226404382,0.00203613482503346,0.00515088563058136,0.00570912883451495,0.00725098025907582,0.00460273391808912
"205","B-1003:12:1","B-2-36",26,"ICMB 90111-P6",2,0.0130652508956472,0.00275824761604679,0.00545425386518186,0.00252162919772396,0.00729726658789763,0.00740002270254895,0.00386423178043694,0.0079790642559986,0.00788168561985377,0.00388350235731047,0.00766150225846913,0.00840619626423019,0.00812064274810676,0.00835569417119818
"216","B-1003:1:1","B-2-25",37,"IP 11218",2,0.0137387281244077,0.000250904098830406,0.0062537694066133,0.00354887227065345,0.0095664618569511,0.00891972257076657,0.00489614550219077,0.00902015789123042,0.0101264420562159,0.00449565379320407,0.0117912609881094,0.0103086220801277,0.0131371117007532,0.0108358531475426
"215","B-1003:2:1","B-2-26",29,"IP 18412",2,0.00987375311267047,0.00236634426903946,0.00461720330939417,0.00510471998943821,0.00748843808931202,0.00554274273398424,0.00437384939828952,0.00857791315878672,0.00735369916937775,0.00428973950650291,0.00831692316817886,0.00743029601233809,0.00753236236016304,0.00732866923425723
"214","B-1003:3:1","B-2-27",5,"IP 5695",2,0.0133220599677805,0.00255148761498089,0.00628409172723597,0.00620929180229256,0.00890998184936546,0.00589273404450456,0.00606103142057865,0.00933476559297265,0.00814073950843442,0.00613535969140027,0.0117814990059306,0.00958147800100416,0.0135560990540462,0.0108806464051726
"213","B-1003:4:1","B-2-28",33,"IP 3389",2,0.0107666357925227,0.00205919603194415,0.0063959019135805,0.00478291677017087,0.00938814054548657,0.00979867851621292,0.0018795183278666,0.00904163015533561,0.00876966616908299,0.00716402558470387,0.0113431020945132,0.00977559477532253,0.0118313369763816,0.00651233256396167
"212","B-1003:5:1","B-2-29",28,"IP 11346",2,0.0121143160686243,0.00217924998681041,0.00773785762808285,0.00755383638025294,0.00690072198658815,0.0096374090983392,0.00766784437086078,0.0116370255292218,0.00854470785977011,0.00847758632121633,0.00847651456846645,0.0102692597194981,0.0134405811634352,0.0147264543868404
"211","B-1003:6:1","B-2-30",14,"IP 18157",2,0.0131494257511711,0.000100330631219824,0.00704478828935026,0.0107720443962111,0.00965367098943129,0.00843781676747016,0.00590456784996514,0.0124427576584504,0.00892633813372384,0.00463569043737402,0.0118206118956245,0.013555018428381,0.0159398447676834,0.0159953971597728
"210","B-1003:7:1","B-2-31",24,"IP 17150",2,0.00922328361369629,0.00229399589052884,0.00619937781817474,0.0046274851819651,0.00692671822377076,0.00860706514802399,0.00519063217937824,0.00624633927464479,0.00896653736154485,0.00200959626780968,0.00673968184453316,0.00627129792235544,0.00767963004321341,0.00498266333519745
"209","B-1003:8:1","B-2-32",39,"IP 2058",2,0.0107545584201488,0.00238630020027016,0.00447816339569851,0.00313030982371614,0.00848837861228763,0.00957700455373347,0.00620125759812318,0.00859356044638754,0.00946320865956776,0.00329960512152157,0.00989035554193158,0.00803050575941424,0.00671073178723214,0.00517755264483017
"208","B-1003:9:1","B-2-33",11,"IP 8174",2,0.00829644509686933,0.00308437454507189,0.00343642066881717,0.0074122489367574,0.00673982209128076,0.00777496262537479,0.00607231622188946,0.00447937779942096,0.00640403698367538,0.00198860513128718,0.00611930365181663,0.00490144091181375,0.00541281470044445,0.00428917793159077
"195","B-1004:10:1","B-2-46",10,"IP 4952",4,0.0152216307990934,0.00194516048491342,0.00726788038401269,0.00579370917934138,0.013812067775205,0.00708938367606783,0.00734327903827428,0.00986674742110553,0.0118859243497477,0.0103644575558628,0.00899391561102282,0.00953673787312614,0.0106249465061494,0.00316049480509209
"194","B-1004:11:1","B-2-47",20,"GICKV 93191 (=ICMV 93191)",4,0.00942342516606263,0.00177038702384654,0.00452449093959851,0.00682972601310257,0.00690481254714182,0.00743307944436274,0.00432756645311177,0.0057549643200475,0.00660085042721884,0.00310447295383112,0.00595617635599164,0.00654855138385608,0.00810546130452892,0.00579775313366569
"193","B-1004:12:1","B-2-48",29,"IP 18412",4,0.0193778124922226,0.00143211507066211,0.00606098701805755,0.0052187271028586,0.0106146736645221,0.00973361976290868,0.00372455440771579,0.0129447684406191,0.0176971618585609,0.00629154795573708,0.0179167262785596,0.0118040404071192,0.0161033772417696,0.0117924659701493
"204","B-1004:1:1","B-2-37",35,"IP 18389",2,0.0172753012060425,0.00570683877590273,0.00352300483325407,0.00517426734792516,0.00811232430490922,0.00718708905402457,0.00374465028194083,0.00997005236396895,0.0154220013091379,0.00605216423046188,0.0104342108360758,0.00903236516978648,0.0122073980974837,0.00663809563035654
"203","B-1004:2:1","B-2-38",2,"IP 11275",2,0.00924459647180969,0.00194459849604125,0.00677981764430933,0.00409892553099762,0.00964250089594741,0.00557977809655358,0.00420896867907969,0.00697341242177776,0.00886613921735371,0.0050612726064044,0.010514260754453,0.00678911165467198,0.00645581401798327,0.00249780669844788
"202","B-1004:3:1","B-2-39",20,"GICKV 93191 (=ICMV 93191)",2,0.0107346022356476,0.00339716987714303,0.00441283400459238,0.00774418968589526,0.00728873710875927,0.00552688588084537,0.00496584738530239,0.00634754697539531,0.00835534412935103,0.00319251442715999,0.00796643513962419,0.00598530501363808,0.00661362821683975,0.00746966335700633
"200","B-1004:5:1","B-2-41",23,"IP 13459",4,0.00463778625369956,0.00083537612874673,0.00546968153355615,0.000678784761994132,0.00688328755980786,0.00274961941771196,0.00722734032585484,0.00888049299699325,0.00966980310964071,0.00393790372770345,0.010106153803254,0.0106654805871117,0.00969771283584584,0.0090836941719534
"199","B-1004:6:1","B-2-42",26,"ICMB 90111-P6",4,0.00174896922485764,0.00102287252547716,0.00125846257541448,0.00168329798384456,0.00213201777089519,0.0036404753018167,0.000730718645397104,0.00344948964093415,0.00312524924370042,0.00413929415083176,0.00284529059200429,0.00323850596067556,0.00370000676388256,0.00417788864907051
"198","B-1004:7:1","B-2-43",36,"IP 15872",4,0.00597429494316244,0.00222752151178689,0.0028911770288686,0.00298354271803675,0.00760806781576148,0.00271523300032439,0.00221479039340172,0.00379068905577783,0.00520046355255115,0.00220761285095861,0.00642492044519377,0.00584096875499375,0.00486911541253608,0.00447229219204187
"197","B-1004:8:1","B-2-44",37,"IP 11218",4,0.0119015491117204,0.00269296964612262,0.00648860551512115,0.00584566985289356,0.010467536967953,0.0091512241342827,0.00449772278510278,0.00826040606903183,0.00935132899657357,0.00234435650508862,0.00809353481111076,0.00535767065233166,0.00708526965990821,0.00467284102208662
"196","B-1004:9:1","B-2-45",3,"IP 3106",4,0.00912177236867325,0.00182943818241766,0.00432311048618387,0.00529316907680171,0.00876216447034031,0.00469231517933943,0.00366458122798623,0.00777277857820952,0.00657549077403969,0.00514756158150975,0.00919594062406626,0.008705514718337,0.0153272599793143,0.0101307748199634
"183","B-1005:10:1","B-2-58",39,"IP 2058",4,0.0120504774401075,0.00275902591844847,0.00390333496435351,0.00382110240857928,0.00947608703249211,0.00857022846475735,0.00332165235918411,0.00971352621994251,0.0104145613274912,0.00381730865501316,0.00982186228415847,0.0101106587981839,0.00988772800414655,0.00726795917207407
"182","B-1005:11:1","B-2-59",12,"IP 8955",4,0.00723269101945928,0.00235025540818158,0.000827662467382637,0.00246203811671533,0.0042548181755757,0.00473948837328565,0.00126480605706903,0.00559956996903487,0.00538388832994099,0.00351601127159779,0.00398152394507731,0.0049693399232303,0.00596579134815029,0.0053666642538219
"181","B-1005:12:1","B-2-60",21,"IP 8426",4,0.00950494813679935,0.00265494430670715,0.00206274726170808,0.00429853826360278,0.0100820671299896,0.00565073384897549,0.00219418073312027,0.00817109462803351,0.00597711465907036,0.011333745056198,0.00722533198555361,0.00622960861612042,0.00668096426643498,0.00360881502535086
"191","B-1005:2:1","B-2-50",7,"IP 7108",4,0.0118922934004839,0.00365560725521338,0.00487195927613013,0.00548034225232152,0.00742251123000987,0.00787266945901162,0.00411368156574824,0.00968963417324456,0.00644454590667153,0.00628041486669717,0.0104883494511653,0.0103617373164052,0.00962978468556366,0.00471797820560187
"190","B-1005:3:1","B-2-51",28,"IP 11346",4,0.00770293553227546,0.00203425482526114,0.00483775340536761,0.00609815539825269,0.00689042448202063,0.00273390089157607,0.00335346869475192,0.00490603073668564,0.00719292608037045,0.00366472776447124,0.00842852004944333,0.00695395206272313,0.00985449886040717,0.00658602081347404
"189","B-1005:4:1","B-2-52",31,"IP 3110",4,0.00791397554595925,0.00159634224930346,0.00328537199240079,0.00481323101859986,0.00667253760915958,0.00577616096926103,0.00363243381578766,0.0061382543876488,0.00515404022132404,0.00234535645064786,0.00639170033447033,0.00688101592167924,0.00850817724990122,0.00881589506434148
"188","B-1005:5:1","B-2-53",18,"IP 8210",4,0.0227348010595299,0.000996779942254726,0.00953287148563568,0.00131058039585855,0.00657288751871205,0.0126156698356334,0.00384154747214531,0.034105749858356,0.0281774575802126,0.00200537006618262,0.0328130648436449,0.0253444894828646,0.0323132537529996,0.0183253125596194
"187","B-1005:6:1","B-2-54",1,"Tift 383",4,0.00768258338077742,0.00246172910099169,0.00325192445153117,0.000978905103810296,0.00410022605421478,0.00226463887383883,0.000538798478107226,0.0109049246327056,0.00361927424180533,0.0060266692189407,0.00469706623723308,0.0106297368506177,0.0104425695432459,0.00080669449279561
"186","B-1005:7:1","B-2-55",13,"IP 3122",4,0.0102035999913087,0.00237567719580564,0.00397300826933618,0.00138759205604137,0.00943934083592739,0.00603483225291682,0.00221660687184704,0.014212567981498,0.00849067739722929,0.0067962675870147,0.0105721513205046,0.0126251389291547,0.0122141654008173,0.00735748527611878
"185","B-1005:8:1","B-2-56",5,"IP 5695",4,0.00899046564353536,0.0022748421197297,0.00227923227737707,0.00517938147126842,0.00756663030156385,0.00607420491330606,0.00425533093942888,0.00595240018225681,0.00671275693538687,0.00401783215509803,0.0100185719252877,0.00722834600639127,0.0094630800450064,0.00744400321208312
"184","B-1005:9:1","B-2-57",34,"IP 10543",4,0.0142603447446688,0.00268460750672961,0.00348510281302727,0.0075706817481076,0.00696709547613281,0.0072499355431677,0.00558032719592679,0.00916354123305338,0.0106539639570535,0.00387843572459152,0.0106145887266243,0.00890351361311831,0.00981550480081964,0.00709468293488312
"171","B-1006:10:1","B-2-70",8,"IP 17720",4,0.00970147530434745,0.00127127422370502,0.00240624267940495,0.00212116412923558,0.00548111637450178,0.00617965834538085,0.00125943776718704,0.0025366446091871,0.00450041272738544,0.00465923460226966,0.011282207944564,0.00345983627340348,0.00604992614414882,0.00512916347210734
"170","B-1006:11:1","B-2-71",2,"IP 11275",4,0.0109777000485476,0.00333499089185083,0.0038440258683087,0.00677672438434369,0.00764755523130374,0.00771263210255295,0.00794718644891265,0.006611348721991,0.00741613395790845,0.00263790405914259,0.00765898209786209,0.00554680876238367,0.0048654865855633,0.00236527165851134
"169","B-1006:12:1","B-2-72",6,"IP 7922",4,0.00929876976661277,0.00171384473268503,0.00389976383008587,0.00264962901059113,0.0108658153439913,0.00539196150620355,0.00702089960510899,0.0102500288448368,0.00687506044482859,0.00349098156378353,0.00427418745284115,0.0064114181750674,0.00605774924071777,0.00575873998956035
"180","B-1006:1:1","B-2-61",30,"IP 9532",4,0.0105918724820933,0.00487740146659708,0.00330546498954745,0.00541298668973628,0.0104463538252554,0.00627336806406084,0.00839349378789561,0.00773628741405439,0.00659049325047528,0.00293379736772006,0.00858329661800431,0.00709326837886308,0.00658568943587589,0.00616362281843798
"179","B-1006:2:1","B-2-62",38,"IP 7941",4,0.00811933157780668,0.00202866688243463,0.00439624059706472,0.00352335607811931,0.0102368880225094,0.00453034710860139,0.00265676056420136,0.00604565373248074,0.00656765299529646,0.00658434941016304,0.00488490882997626,0.00585708109190981,0.00647925714547616,0.00235693672772212
"178","B-1006:3:1","B-2-63",4,"IP 8767",4,0.0121303438571175,0.00202925369986284,0.00260742143222355,0.00654849705126061,0.00893460841648474,0.00923648104145037,0.00343348222486121,0.00978689626259357,0.00980518744581689,0.004195359396822,0.00976436190098991,0.00658137764502006,0.00784837441675893,0.00680743177472842
"177","B-1006:4:1","B-2-64",17,"IP 12395",4,0.00941095542554198,0.00167534925636281,0.0048579117492676,0.0045710899391343,0.00625040387337612,0.00479506626170047,0.00452473917523753,0.0090304450813866,0.00840397635209028,0.00430812495944202,0.00939784605779743,0.0107717093346131,0.011893941676098,0.00187891256183876
"176","B-1006:5:1","B-2-65",11,"IP 8174",4,0.0121551704769867,0.00243251693508143,0.00451967176304762,0.00735237297641946,0.00772547404095793,0.00615400965601077,0.00332741538578166,0.00871586122235201,0.00991122177419478,0.00524197595436797,0.0105484782213168,0.00942523678296254,0.0152676571706943,0.0100145572038008
"175","B-1006:6:1","B-2-66",33,"IP 3389",4,0.0110288389665719,0.00317528099100034,0.00688257947564897,0.0048535872747233,0.00731831794797585,0.00581291259780437,0.00181493916778984,0.00221046426627918,0.00778268834487669,0.00538789816532467,0.00902221105923061,0.00670377550058776,0.00843038263558966,0.00732288034720304
"174","B-1006:7:1","B-2-67",24,"IP 17150",4,0.0099002271650847,0.0041669691804191,0.0042688232351161,0.00974283727941225,0.00304008550010597,0.00797393102367896,0.00676142510799473,0.00640563568635015,0.0144348965568859,0.00882908289280373,0.00395287005464462,0.0122975784919174,0.00876415893765633,0.0129075686384837
"172","B-1006:9:1","B-2-69",16,"IP 12116",4,0.00639567260979271,0.00214513852743543,0.00386179042696087,0.00186629725283672,0.00726568267371365,0.00565623163748279,0.00147354275364582,0.00500139677094157,0.00587488229249283,0.0022504743943499,0.00623038043449176,0.00445359545425214,0.00449230655877553,0.00376706288293075
"159","B-1007:10:1","B-2-82",15,"IP 12839",6,0.0079907888960977,0.000955596595405125,0.00412534388563844,0.00668352191623873,0.00622889399427445,0.00507699991775506,0.00595284705952444,0.00482524028043783,0.00465221961230816,0.00179758423451049,0.00491146808206064,0.00450437176893103,0.00563483829101634,0.00588004775128647
"158","B-1007:11:1","B-2-83",24,"IP 17150",6,0.00613181919196007,0.00233825757236353,0.00379730661507498,0.0032919555089522,0.00719359456394388,0.00473919414711277,0.0024484468660221,0.0022764215045363,0.00300444333645276,0.00219133009123255,0.002196814891533,0.00712547061063526,0.00408421082454151,0.00191603362340551
"157","B-1007:12:1","B-2-84",40,"PT 732B-P2",6,0.0131785899946343,0.00311875005414957,0.00832764233560465,0.00897111862845641,0.00797610486495677,0.00417276359741417,0.0056422866405092,0.00971485891434648,0.00515818460515836,0.00565434213751629,0.00766198265331837,0.00802319441217839,0.00775571212495165,0.00590077820930624
"167","B-1007:2:1","B-2-74",14,"IP 18157",4,0.0108193970855065,0.00305590511507262,0.0063167528517295,0.00379045506142938,0.0127420055788788,0.00649648413640757,0.0057481039977489,0.0105642278412405,0.0114782078667727,0.00499621180333862,0.0104366412132497,0.0100312125591691,0.0100071641386738,0.0066266104379481
"165","B-1007:4:1","B-2-76",9,"IP 18090",4,0.0155961131698551,0.00153340513155851,0.00557614952264696,0.0049600006756853,0.0118913009395342,0.0133225156891091,0.00553834495157391,0.0135244422316189,0.0139525629427864,0.00596925227825112,0.0133488713529864,0.0111970584193117,0.0160565870690464,0.00669585045113204
"164","B-1007:5:1","B-2-77",22,"IP 10339",4,0.00656027416095712,0.00255251705201228,0.00295191530286156,0.00426036659119807,0.00644219084040678,0.00346179375814149,0.00202314745564235,0.00515814168922097,0.00487865784679103,0.00459932309256862,0.00636695141603992,0.00355302087640442,0.0069810074061986,0.00562636639839405
"162","B-1007:7:1","B-2-79",25,"IP 10964",4,0.012568174802519,0.00192816798892579,0.00550175871659483,0.00625967034770304,0.00733408409237959,0.0102081864920872,0.0101613113902267,0.00852900565292606,0.0083585996001479,0.00463006212179774,0.00938771843388416,0.00833340343007024,0.00812831785014577,0.00474074917061124
"161","B-1007:8:1","B-2-80",32,"IP 9301",4,0.0130973638292688,0.000868290462158912,0.00525508518229833,0.00785838854162116,0.0110587392177257,0.0096495385267139,0.00570682754298421,0.00752105448367964,0.00845958285113657,0.00598445461320811,0.0101237693917418,0.0075862777448898,0.00687168424928595,0.00514667203425675
"160","B-1007:9:1","B-2-81",5,"IP 5695",6,0.0088978444326098,0.0028095214265529,0.00425845778812957,0.0063011126254627,0.00728249673290846,0.0068980907561515,0.0070316813886403,0.00573831093610221,0.00698349526506531,0.0039680131354101,0.00725959832281816,0.00648710244575864,0.00611460423758446,0.00528317899709562
"147","B-1008:10:1","B-2-94",38,"IP 7941",6,0.0127634032148942,0.0025703079777933,0.0050790246977742,0.0066321491434584,0.00868821097093702,0.00393745679590476,0.00503429453762449,0.00588111425992687,0.00523715939474643,0.0030006725266016,0.007718803695616,0.00535727781781564,0.00714622550087307,0.0043835673791298
"146","B-1008:11:1","B-2-95",11,"IP 8174",6,0.0155372782773773,0.00155989976950637,0.00385584757135329,0.00791387405384381,0.00876440345154413,0.0094780783544739,0.00477467551117043,0.010846929532937,0.00984186313072117,0.00388605678286164,0.0118709644249257,0.0123793626690225,0.0138322065379112,0.00705664424385317
"145","B-1008:12:1","B-2-96",25,"IP 10964",6,0.00912593393189831,0.000886817177530007,0.00309915923840574,0.011963208495965,0.0148526080115391,0.0135661918055522,0.00306861112055377,0.0255001306185374,0.00574632042257675,0.00442569650809734,0.0038529705183954,0.0123976672992029,0.00798549494495616,0.0080243901681222
"156","B-1008:1:1","B-2-85",34,"IP 10543",6,0.00548816703162645,0.00274803593111993,0.00287309066437012,0.0041638799943642,0.00646135110380422,0.00546693756625891,0.00188981055645207,0.00640993780205519,0.0111874232360852,0.0100199216279481,0.00842397545107959,0.00562304636996394,0.00856210227879944,0.00394719569352569
"155","B-1008:2:1","B-2-86",27,"IP 9651",6,0.00979130962928957,0.00217724939644792,0.0062042198486497,0.00689077229919496,0.00740500403444177,0.00779329453179252,0.00705986641254627,0.00732785222383999,0.0110786277354319,0.00211295242244844,0.00732541259044855,0.00666751906554222,0.00743997567095611,0.00751488873567841
"154","B-1008:3:1","B-2-87",3,"IP 3106",6,0.010905777963423,0.0030581837590851,0.0068541431446442,0.0054089259991859,0.0130573500059645,0.00651561963855913,0.00138176995250886,0.0129923985834466,0.0112584885364023,0.0051980030351755,0.0103942775668205,0.00940518657810172,0.00957549130141907,0.0078435651645694
"153","B-1008:4:1","B-2-88",20,"GICKV 93191 (=ICMV 93191)",6,0.00541784347965813,0.000454812913744629,0.000806879931969238,0.00175734279040473,0.0067863147250251,0.00354658113067623,0.00358912090314655,0.00324759413784494,0.00574626059502302,0.00200403526732601,0.00398357979177489,0.00462733479035958,0.00723611419052288,0.00389398649626295
"152","B-1008:5:1","B-2-89",30,"IP 9532",6,0.0145591960616253,0.00241279053318052,0.00517687239697703,0.00511933695285151,0.0118779380838726,0.00495795913888864,0.00336709892210286,0.00812457696622326,0.00794726995413053,0.00348491746223047,0.00925324695996502,0.00727855117474286,0.00800521445324675,0.00434173493514862
"151","B-1008:6:1","B-2-90",9,"IP 18090",6,0.0114960492048864,0.00195916721338381,0.00502845393905924,0.00669654689170077,0.008870253270444,0.00501874258902417,0.00687278695161784,0.00677412763760454,0.0069832079678654,0.00502736270649476,0.00810543258692425,0.00627057744133727,0.006947582484366,0.00438302484229771
"150","B-1008:7:1","B-2-91",32,"IP 9301",6,0.00835538320585035,0.00358045090575138,0.00413827054321381,0.00490544684587386,0.00696914502894168,0.00471276183230929,0.00302003406323836,0.00517735729483816,0.00454485715970919,0.00214732196015796,0.00317935065157608,0.00408097933438542,0.00491975526380105,0.00461365694387037
"149","B-1008:8:1","B-2-92",13,"IP 3122",6,0.010219175950327,0.00287920530551201,0.00517095890041256,0.0054291217873809,0.00871220607722521,0.00515155617381127,0.00500607417851784,0.0073054662472507,0.00698639638076377,0.00350333064035176,0.00641114916921573,0.00731651105319579,0.006768620739248,0.00535363760630428
"148","B-1008:9:1","B-2-93",36,"IP 15872",6,0.00956075210557035,0.00211688919496975,0.005966133657219,0.00352229421644628,0.0102249162059572,0.00622868715387347,0.00575878866761415,0.00667138901585864,0.00562496289216064,0.00415965989663879,0.00808068102974721,0.00483475168911129,0.00575907261003397,0.00296820624075007
"135","B-1009:10:1","B-2-106",31,"IP 3110",6,0.00925602753699449,0.00284393195660653,0.00369901943536851,0.00535507776597688,0.00867797408572301,0.00572144350479312,0.00684413823466568,0.00714323016718682,0.00924687186111141,0.00316892861866483,0.00764807703446623,0.0094402730037481,0.00543586089415891,0.00376804602272319
"134","B-1009:11:1","B-2-107",6,"IP 7922",6,0.00534470914742346,0.00275304814026764,0.00286775276433169,0.00401778882222254,0.00589103997842235,0.00467635493031468,0.00268922476203018,0.00452215713143683,0.00389556455920447,0.00246530827126511,0.00526318367493899,0.00374049860742901,0.00507474369130749,0.00152861342855485
"133","B-1009:12:1","B-2-108",4,"IP 8767",6,0.0131025392188599,0.00226225227893304,0.00145668410258528,0.00605532238676275,0.012201985972949,0.00534196624320101,0.00365505885758621,0.0211177070995942,0.0209112920901764,0.00992430792850707,0.0221440927921577,0.0269924945431651,0.0196424477202937,0.00903182582762288
"144","B-1009:1:1","B-2-97",1,"Tift 383",6,0.0153483296440035,0.00292084330233984,0.00102629929796897,0.00110558366230151,0.0110227293430085,0.00584470160507572,0.00298733952036474,0.0115582191865581,0.00944315473651865,0.00521332842109401,0.0135699999492212,0.00988838457398927,0.0124088567861743,0.0100829491996671
"143","B-1009:2:1","B-2-98",7,"IP 7108",6,0.00892069263168883,0.00285805030373786,0.00466235180605277,0.00553211894310615,0.00734771090148273,0.0070100894705597,0.00556778100612216,0.00660693482669169,0.00709282990860126,0.00318148470355204,0.00860996794156849,0.00773960999796827,0.00665627339475039,0.00695626992587053
"142","B-1009:3:1","B-2-99",18,"IP 8210",6,0.0125966075777734,0.00238892094413711,0.00610220656586371,0.00510567774157818,0.0156977866238832,0.0101243280725978,0.00407564172140429,0.0180210180053544,0.0225892376899455,0.00712639687531444,0.00952667215486604,0.0106049575127655,0.0134033393930178,0.00889851177101748
"141","B-1009:4:1","B-2-100",22,"IP 10339",6,0.0176031335357178,0.000930003125025517,0.00310233302921028,0.00335541918706037,0.0151451159286224,0.00445527539545108,0.00425768829931935,0.0142917373713498,0.0135702259559368,0.00884015262910589,0.010399736172047,0.0166967234085922,0.0124713625334342,0.0104581632348428
"140","B-1009:5:1","B-2-101",35,"IP 18389",6,0.00927019841943713,0.00194832389933846,0.00134207679260337,0.00473699721354141,0.00838631495266886,0.00202615411094851,0.00638107673447685,0.00720436661617009,0.00814698430026764,0.00615272860771221,0.00823443062140973,0.0068038715661841,0.00842130235170392,0.00610778033096441
"138","B-1009:7:1","B-2-103",28,"IP 11346",6,0.0128241447682865,0.00243569947285868,0.00374509487238536,0.00381433072151331,0.00821971384203191,0.00693723550840642,0.00293729104771687,0.00765796089635193,0.00676887777974185,0.00529373151935451,0.011594785784129,0.00985503500037829,0.00991206152501114,0.00854134992718177
"137","B-1009:8:1","B-2-104",37,"IP 11218",6,0.00834279113627906,0.00152262617712204,0.00314638727405083,0.00340072192657584,0.00596547193011974,0.00446917890803626,0.0031373597929209,0.00515983523739161,0.004642825314503,0.00245679512700469,0.00564920249158666,0.00424347678739585,0.00532483958094416,0.00301755092828988
"136","B-1009:9:1","B-2-105",10,"IP 4952",6,0.00808401644850937,0.00221179108591909,0.00105824781338379,0.00371848167713617,0.00627848915696381,0.00444993695725653,0.00242168007967411,0.0043145180402503,0.00545011141882123,0.00273264570804444,0.00864366478480781,0.0064896567331719,0.00848486775370686,0.00951154904669101
"123","B-1010:10:1","B-2-118",33,"IP 3389",6,0.00664373863279725,0.00138433713961025,0.0037148075920214,0.00269563041919152,0.0125434358954738,0.00713410163211268,0.00264898415240074,0.0193072214312653,0.0196470918839988,0.00584480163276892,0.00863380593672529,0.00714083467310409,0.00794163534053802,0.00537612400296142
"122","B-1010:11:1","B-2-119",2,"IP 11275",6,0.00839976121142365,0.00128500122657421,0.00416500806230204,0.00719942362015347,0.00665590326415795,0.00852725375380773,0.00621341214918646,0.00676828945325138,0.00608270939558109,0.00339288921471691,0.00752624558131231,0.00534099868383095,0.00542824864053564,0.00425847688991065
"121","B-1010:12:1","B-2-120",14,"IP 18157",6,0.00990694526384281,0.00116844761777155,0.00189703407928393,0.00655248313880348,0.00739135383031577,0.00618198967310194,0.00250382419184979,0.00815960247965328,0.00727381387259113,0.0034490440198909,0.0072874633267884,0.00677731167707464,0.00718015791711257,0.00499339720668785
"132","B-1010:1:1","B-2-109",21,"IP 8426",6,0.00759326895661778,0.00286025097614063,0.00407536249847511,0.00670221367519253,0.00585586586846917,0.005596588123832,0.00475813651652028,0.00515931347999061,0.00580317991023894,0.00235759922756571,0.00561676214158334,0.00479119816793215,0.0054740721263885,0.00632968664383321
"131","B-1010:2:1","B-2-110",17,"IP 12395",6,0.00940231425618972,0.00110494536112354,0.00569083066580543,0.0065304679804474,0.00835600364803484,0.00334723999147839,0.00479116921146912,0.00604542540294643,0.00639628184167743,0.00410675265613855,0.00720434451266943,0.00525594289362681,0.00557110106754858,0.00142973195046943
"130","B-1010:3:1","B-2-111",19,"IP 21169",6,0.0106399454147725,0.00132894203168267,0.00495752112618867,0.0102804509187608,0.00932223370379595,0.00789965787861598,0.00840663911116894,0.00695095754015557,0.00893726889364833,0.00540822607830427,0.0104796812995544,0.00713796303130241,0.00785482567799429,0.00401149476640568
"129","B-1010:4:1","B-2-112",8,"IP 17720",6,0.0099552174565796,0.0018943138333473,0.00478215460187513,0.00653904840803522,0.00932750882527768,0.00709194846733088,0.00619718794690474,0.00789978968949987,0.00571689638755444,0.00309019518675948,0.00659966284919135,0.00701132274262683,0.00729316808062368,0.00338701571623944
"128","B-1010:5:1","B-2-113",23,"IP 13459",6,0.0158060439368916,0.00219820443549564,0.00692918877220152,0.00789031032538431,0.0142487696569054,0.0138065119683468,0.00592321766158002,0.0153103576887105,0.0125316689093834,0.0125801516052564,0.00899647583529278,0.0124120138041395,0.0176544965513118,0.00845469698628389
"127","B-1010:6:1","B-2-114",39,"IP 2058",6,0.0161780459346381,0.0031898177942315,0.00413429602088011,0.0102081304600025,0.0115696675901335,0.00752316645390485,0.0093627929093169,0.0130598892892702,0.0121610048057163,0.00862800791065239,0.0125068407751088,0.0110521978385654,0.013702176927319,0.0138379553300441
"126","B-1010:7:1","B-2-115",26,"ICMB 90111-P6",6,0.00574864578366245,0.00508066611412901,0.000798299802965932,0.00600025289031741,0.0134212200362142,0.00426075588047912,0.00752471930370606,0.0158852963820764,0.0177211225969294,0.0104472773383343,0.0201841672585853,0.020756044811938,0.0183895500509043,0.00172782501341936
"125","B-1010:8:1","B-2-116",12,"IP 8955",6,0.00667165670476632,0.000714300706773404,0.00144356256871487,0.00348573842215048,0.00551630850349227,0.00468905698649866,0.00424118500564808,0.00723325136379528,0.00712311641461721,0.00354032610078794,0.00358381370619241,0.00615107937412641,0.00976723504263336,0.00686782446681647
"3","B-10:10:1","B-1-118",34,"IP 10543",5,0.000829770643225932,0.00166116711197505,0.00141012220373222,0.00126277474988953,0.0090329393499934,0.00272203020652675,0.00503072329616734,0.00511910834182629,0.0105777251074129,0.00826939869080971,0.00459876184842846,0.0102692939965002,0.00852997922049307,0.00371029039183975
"2","B-10:11:1","B-1-119",2,"IP 11275",5,0.00706138423920806,0.00401946054725628,0.00331832348508889,0.00623609736724671,0.00592611005871827,0.00388728796199512,0.00664474781712489,0.00627793747958251,0.00571456620060777,0.0014940578042775,0.00601432577794313,0.00349745775522364,0.00472364657213579,0.0045569543265042
"1","B-10:12:1","B-1-120",14,"IP 18157",5,5.16408415322216e-08,7.10812213623466e-08,1.33026216776604e-07,2.73717846751722e-07,5.02748596251327e-07,8.73730262878433e-07,1.37552809554259e-06,2.02108527468814e-06,2.81518031790568e-06,3.6954467149401e-06,4.60640596908963e-06,5.42282239394796e-06,5.93331857873715e-06,6.09000279780211e-06
"12","B-10:1:1","B-1-109",39,"IP 2058",5,0.0120827502846142,0.00150583483265465,0.00595818407075318,0.00430920152755592,0.0070149333051918,0.00934992397581727,0.00632874833738819,0.0108661624645399,0.00621170346496551,0.00621631952685312,0.0115223176360508,0.00896420226987653,0.0109604573650855,0.00898793333678667
"11","B-10:2:1","B-1-110",30,"IP 9532",5,0.0151847878106134,0.000523047167157095,0.00705200294005396,0.00867062422283964,0.0102909920287348,0.00842190510200059,0.00485521773278538,0.0164750202972751,0.0099088681516,0.0118060533777574,0.0138318520923666,0.0103023584280875,0.0139601342879677,0.00700402498872127
"10","B-10:3:1","B-1-111",27,"IP 9651",5,0.0136085343822209,0.0018757604553189,0.00319696850959596,0.00768131359960458,0.00756741108304118,0.00482057644835024,0.00384690714639395,0.00891004398367069,0.00587831611855271,0.00587309907845099,0.00694639651603104,0.00458233649251819,0.00725688310131027,0.00503389202761602
"9","B-10:4:1","B-1-112",37,"IP 11218",5,0.011275785947882,0.00298125276050816,0.00228603375932285,0.00813542985842538,0.00742785580575214,0.00750550925842167,0.00553901938741521,0.0081745861599093,0.00606357264841852,0.00405921414356887,0.00983400644536499,0.00449047319621728,0.00931138177835265,0.0059537064352677
"8","B-10:5:1","B-1-113",8,"IP 17720",5,0.0111604052758414,0.0037717995739828,0.00343064197121329,0.00818767437505648,0.00636175513685264,0.00819753247668355,0.00561188705439017,0.00627822084152852,0.00494519100019284,0.00552305207720762,0.00727588110937131,0.0110687863591567,0.0131206474805881,0.0117011578791542
"7","B-10:6:1","B-1-114",18,"IP 8210",5,0.0135960907504794,0.00234372104316184,0.00574442749090243,0.00499647549716612,0.00887108624273904,0.00935969645976555,0.00192635475542564,0.0085275051404972,0.0113742821826276,0.00593438558146236,0.00848265478224042,0.0132665349435485,0.0136200494485351,0.0131682586672445
"6","B-10:7:1","B-1-115",32,"IP 9301",5,0.0103423489328365,0.0019721937508884,0.00574941197645754,0.0100170183268071,0.00729934067138575,0.00595877446241456,0.00684942919104371,0.00690150157800097,0.00711793062345376,0.00227287504705623,0.007683770473752,0.00567590490491774,0.00579500584048691,0.00775572275971158
"5","B-10:8:1","B-1-116",24,"IP 17150",5,0.0096045390669991,0.00193995740174446,0.00407717318321529,0.00650307423031803,0.00583306181017193,0.00388862730742606,0.00527812844045539,0.00655695622815728,0.00768598433069954,0.00445351410484297,0.00743733580166041,0.00598069366914171,0.00656169916090167,0.00404796734846131
"4","B-10:9:1","B-1-117",10,"IP 4952",5,0.0115746611060935,0.00243954910255494,0.00510785267885444,0.00747666494588301,0.00895900588151952,0.00662714475173778,0.0070032473094719,0.00861984639338311,0.00504816607432352,0.00498326888230451,0.00890058362164269,0.00744321531550659,0.00729396471897503,0.0104761435055017
"111","B-1:10:1","B-1-10",39,"IP 2058",1,0.00531078252447095,0.00105187519168609,0.00346776620217325,0.00255942063345419,0.00398720063896133,0.00497832686818694,0.0018289896873436,0.00213536941989159,0.00437140462936616,0.00274487202907007,0.00570843931776582,0.00550759255611299,0.005559135961489,0.009917423833223
"110","B-1:11:1","B-1-11",16,"IP 12116",1,0.0120437083816677,0.0014362384590666,0.00511785535765615,0.00480034565471582,0.00992543596804399,0.00686566213828293,0.00247644512100585,0.0085294373214103,0.00835190526129999,0.00290963117328835,0.00829367890290792,0.0066449221359762,0.00772579182088689,0.00599579461684759
"120","B-1:1:1","B-1-1",7,"IP 7108",1,0.00810159750371745,0.00302940754051617,0.00478630224786972,0.00116343946926435,0.00523653312389108,0.0046077985512144,0.00251912543572061,0.00652191666555518,0.00583699651056434,0.00220273079855354,0.00745672865137124,0.00546342247200547,0.00816414741824841,0.00276729050268201
"119","B-1:2:1","B-1-2",28,"IP 11346",1,0.00939031099685821,0.00074107071707578,0.00221365992168573,0.00560593065686135,0.00768496648254633,0.008590777045894,0.00369152977316746,0.00782027209440319,0.0063134437812826,0.00422339614300908,0.00957280700320525,0.00568548661544735,0.00561341179835372,0.00773584191684434
"118","B-1:3:1","B-1-3",3,"IP 3106",1,0.0135511511552097,0.00228314291209684,0.00768818401140223,0.00690997643116097,0.00903687389929294,0.0100150722074536,0.00266810914090631,0.00941916099872317,0.0134373020680526,0.00554959043770398,0.0128181865370808,0.0103684627027706,0.00952675077845362,0.00878346329100625
"117","B-1:4:1","B-1-4",22,"IP 10339",1,0.0102103287857077,0.00361576271702912,0.00405230854394092,0.00713024384476439,0.00936609585592711,0.00560561684714249,0.00372952941075325,0.00604368228732307,0.00498235185607554,0.00508195257254531,0.00772933395856217,0.00546001063133355,0.00432953680591999,0.00413484918974239
"116","B-1:5:1","B-1-5",14,"IP 18157",1,0.0128614329201266,0.00157254077232593,0.00611522814939955,0.00366974089108732,0.00955250976853921,0.00935066163239674,0.00601468692085767,0.00878539396496593,0.0102945370459615,0.00316619955614272,0.013248791590266,0.00864997703181754,0.0096965266914001,0.00720706648704184
"115","B-1:6:1","B-1-6",34,"IP 10543",1,0.00945974042065086,0.00453147846968288,0.00612105878141382,0.0019078898485268,0.00916602802896869,0.00684008928657114,0.00361304712446971,0.00660779335369334,0.00763108290228838,0.00363849298242346,0.00921150486144654,0.00776802802714303,0.00821009539282903,0.0079175213324711
"114","B-1:7:1","B-1-7",10,"IP 4952",1,0.0104536780310786,0.00303105884718939,0.0028634216482007,0.00624900130442855,0.00710572267484072,0.00818180316178109,0.005721986338384,0.00601248839303343,0.00590708775597729,0.00485711228804572,0.00606020524165869,0.00362949420847531,0.00540137533599742,0.00851747369285357
"99","B-2:10:1","B-1-22",25,"IP 10964",1,0.00991014357999251,0.00242910704420134,0.00349146760066182,0.00740765986437161,0.0104039424174309,0.00549791700892072,0.00749688292992289,0.00765807665013168,0.00687505134970693,0.00317621176046225,0.00745553147827587,0.00786708867650437,0.00711528947173812,0.00290803569813875
"98","B-2:11:1","B-1-23",35,"IP 18389",1,0.0128962930643184,0.00334356473489979,0.0073685223313122,0.00529510361567086,0.00924824695440619,0.00594253000949575,0.00774521989217845,0.009178440190086,0.00725058695435986,0.00522554759606892,0.00826300976632874,0.00772577274738804,0.00739280136510135,0.00396490782848191
"97","B-2:12:1","B-1-24",18,"IP 8210",1,0.00987802795804371,0.00301790998738892,0.00618187460965969,0.00653517683974274,0.0100811464438695,0.00657217230247382,0.00738647813400496,0.00659370300768186,0.00699215085749241,0.00439772188833115,0.00691301265058317,0.00657789493282901,0.00606168603646144,0.00560401656614098
"108","B-2:1:1","B-1-13",12,"IP 8955",1,0.0120485783907783,0.00123711190474317,0.00358849349549657,0.00256905607802467,0.00677082058218237,0.00260707629022499,8.08576862481779e-07,2.96091300042989e-06,0.000651182616942903,0.000229117516136468,1.00354077163524e-07,1.29835404649649e-09,0.00450200884539355,0.00263905298944018
"107","B-2:2:1","B-1-14",1,"Tift 383",1,0.0115160520223805,0.00239384536720207,0.00406114979136706,0.00544747406617535,0.0111075696885952,0.00897365004649498,0.00718488165059208,0.00849136054803852,0.0077830499590225,0.00548041015882835,0.00878122902875522,0.00660084307511556,0.00873868332733608,0.00587665347512542
"106","B-2:3:1","B-1-15",5,"IP 5695",1,0.011893042667223,0.00342178646504904,0.00285977909216561,0.006554578008265,0.00548199020224238,0.00638343060841571,0.00838555777496362,0.00937033398532279,0.0142538871088628,0.0107534413087527,0.00991331104461218,0.0101834677159147,0.0173913883865653,0.00950598790148789
"105","B-2:4:1","B-1-16",32,"IP 9301",1,0.0118588873619779,0.00136744575957691,0.00540840834223766,0.00681886124482668,0.0120950082713982,0.00714284618240223,0.00833909241359577,0.00684129388031462,0.0065028458361639,0.00666718435093578,0.0116623560574155,0.00585555563169207,0.0096337863427888,0.00463384023436269
"104","B-2:5:1","B-1-17",19,"IP 21169",1,0.00902752696753643,0.00370929723585227,0.00482932538491877,0.00498951534423265,0.00444473185528182,0.00733183493106241,0.00569235604367169,0.00596779277868266,0.00825357762239085,0.00548955179956935,0.00566702524690012,0.00675284377534529,0.0106671981319443,0.0109808289927476
"103","B-2:6:1","B-1-18",36,"IP 15872",1,0.00975720093928808,0.00375220770102442,0.00448079128916321,0.00573712038567846,0.00566145612340639,0.00763428471208623,0.00308637711189087,0.00747919703701258,0.00937570835860437,0.00555727204099565,0.00860773345157211,0.0118604109718141,0.016551173843217,0.0145412537281445
"102","B-2:7:1","B-1-19",37,"IP 11218",1,0.0103986406062241,0.00423838386963306,0.0047998294988118,0.00779899558190796,0.00957266743617555,0.00673980146619799,0.00497675672004135,0.00802981350107775,0.00762217210343467,0.00278886275807419,0.00871793678993827,0.00601275548221399,0.00630457780069758,0.0027093362969532
"101","B-2:8:1","B-1-20",24,"IP 17150",1,0.0113323943661896,0.00170092158280362,0.00411437409185996,0.00501610370001043,0.00998559630444009,0.00719765442739479,0.00551929663207003,0.00728734399962012,0.00647335259442389,0.00264148025946399,0.00724937110210794,0.00607087807506874,0.00710730874652483,0.00745438412700181
"100","B-2:9:1","B-1-21",23,"IP 13459",1,0.0096435505376449,0.00268947403015974,0.00352703640255593,0.00677444342044731,0.0108235628928362,0.00685879768108539,0.00487664324562953,0.0075032367355886,0.00895795241506431,0.00362587352782069,0.00726677520260361,0.00624419736953005,0.00765100295272879,0.00248773993139152
"87","B-3:10:1","B-1-34",13,"IP 3122",1,0.0127852198001736,0.00498510534610232,0.00340500254115381,0.00578141965909518,0.00876514097645229,0.00587842884787767,0.00878706034839967,0.0071763357500706,0.006995964530555,0.00249481082598893,0.00925054436702822,0.00645745372797304,0.00825639187200557,0.00415913384922979
"86","B-3:11:1","B-1-35",2,"IP 11275",1,0.00949181175749321,0.00390949185505434,0.00505607597313025,0.00590324364118836,0.0056200340109173,0.00481727472697369,0.00495950333246215,0.00651952533905799,0.0057677761075185,0.00359860792467278,0.00675567283686194,0.00639194623909426,0.00727537911649671,0.00508257104011735
"85","B-3:12:1","B-1-36",33,"IP 3389",1,0.00807117473180501,0.000937172306096403,0.00325580304545658,0.00489942899720855,0.00392056660582754,0.00447141978610199,0.00399770081874844,0.0074978371593485,0.00690711176209176,0.00584126559481851,0.00671193839137314,0.00677741192634589,0.00776746622524021,0.00481841827529179
"96","B-3:1:1","B-1-25",15,"IP 12839",1,0.00986274839599041,0.00146754279521762,0.00407375051856138,0.00692447472921342,0.00446155891679505,0.00650220227703464,0.00648521450195422,0.00506343930901709,0.00516675169260234,0.000880884051435091,0.0134582288392683,0.0108930345948702,0.0245582413762556,0.00129992805774118
"95","B-3:2:1","B-1-26",11,"IP 8174",1,0.01908346897885,0.00488866967143233,0.00452324705418828,0.00954399599706828,0.0052571889262207,0.00877749981899968,0.00199337880803467,0.00303728790203106,0.00440110998162223,0.00515535626434747,0.00040548966427498,0.00913342089863499,0.00592272659739558,0.00452586168750924
"94","B-3:3:1","B-1-27",31,"IP 3110",1,0.0149303720146393,0.00112088368008905,0.00663062538444536,0.00743660283369883,0.00840917542164756,0.00733292502117537,0.00494862824825047,0.0118370718815869,0.0113699754380041,0.00943599082069567,0.0143464229090636,0.00757228919899667,0.0158677462922372,0.00688567255061132
"92","B-3:5:1","B-1-29",40,"PT 732B-P2",1,0.0134245637881514,0.0025759736258091,0.00625840531595493,0.00782719435732951,0.0092876364126053,0.00887075495514031,0.00260189156119787,0.0153465384306484,0.0139037422425872,0.0145345812328027,0.00775184505241036,0.016691075418334,0.0153445674082715,0.0112917738383315
"91","B-3:6:1","B-1-30",8,"IP 17720",1,0.0117436657878641,0.000308077146330586,0.00406851692308006,0.00461955394009385,0.0062345792151238,0.00625715881133887,0.00250660924110312,0.00804756703103979,0.00773943546125956,0.00420523083513985,0.00814674732712191,0.00964904974975243,0.0106213134222009,0.00518698973713498
"90","B-3:7:1","B-1-31",29,"IP 18412",1,0.0131688069289101,0.00171294189722462,0.00174699125534485,0.00587879598052666,0.00916938627651147,0.00683585945219435,0.00328407859449904,0.00850125495880212,0.0133137992867169,0.010695890088668,0.00563651882177718,0.0133605537859823,0.0122653237243955,0.00685473056456739
"88","B-3:9:1","B-1-33",21,"IP 8426",1,0.0126986904575454,0.00197680952285167,0.00685723660091485,0.00319186052846675,0.00865905891417505,0.0102696029702994,0.00656501493593437,0.00870727944208909,0.00812648445598843,0.00579768577073964,0.00987477179729835,0.00800179809375375,0.00801750104183992,0.00496080361467262
"75","B-4:10:1","B-1-46",16,"IP 12116",3,0.012803453552896,0.00206397724300256,0.00658243267767648,0.00805268553017371,0.00791163377078358,0.0087611815733726,0.00767522927007724,0.00929835361201582,0.0102494750359911,0.00492492411520749,0.0164360904208864,0.00958528883608317,0.0107944401189337,0.00541918999977894
"74","B-4:11:1","B-1-47",29,"IP 18412",3,0.0111483937801107,0.00191925133174942,0.00467919122045398,0.00468084009022943,0.0075017533896706,0.00461245190546553,0.00361882209347891,0.00762715585399394,0.00802878937801137,0.00326351401633473,0.00779045249885716,0.00610827266712816,0.0067626456940645,0.00496646413173881
"73","B-4:12:1","B-1-48",18,"IP 8210",3,0.00743054354745241,0.00227098779713253,0.00416132743682062,0.00290828636593497,0.009795950197228,0.00219639056252387,0.00229577927521784,0.0119933757706475,0.00650975599550332,0.0058348778075542,0.00942281051577989,0.00624754185016254,0.00861788585246035,0.00507344440220683
"84","B-4:1:1","B-1-37",6,"IP 7922",1,0.0106808205283137,0.00420603034442467,0.00554394492525339,0.0056043105997538,0.00666448056376109,0.00692329245187524,0.00639816880592063,0.0088868726247573,0.00608952683636404,0.00346638329010597,0.00786754039812284,0.00560425486791313,0.00547861033003524,0.00402084630488808
"82","B-4:3:1","B-1-39",20,"GICKV 93191 (=ICMV 93191)",1,0.00552916766740763,0.00404391370345701,0.00324107330793213,0.00297935030001677,0.00506376266825213,0.00387679208610589,0.0039425931073311,0.00517369166966637,0.0039085322509242,0.00140112843077657,0.00485830113921377,0.00346152219775276,0.00360199976002444,0.00366965930628543
"81","B-4:4:1","B-1-40",27,"IP 9651",1,0.00903107995542913,0.00313938578087275,0.00249954165545191,0.00668701939970244,0.00443499887161828,0.00472126556205371,0.00571134214600797,0.00643287205492394,0.00554698691162207,0.00266067548464708,0.00435291280736118,0.00461539709578839,0.00512856972696083,0.00190696420545758
"80","B-4:5:1","B-1-41",11,"IP 8174",3,0.0121933801550398,0.00414418535722909,0.00683388689716376,0.00453355485471355,0.00832432936413182,0.00872196066713496,0.00909091135340997,0.0112625237796552,0.0108481487940774,0.00643559787656117,0.0126915812414128,0.009598746893261,0.0115019342545029,0.00612648985231783
"79","B-4:6:1","B-1-42",26,"ICMB 90111-P6",3,0.0106533013340355,0.00343208020317062,0.00403148993448725,0.00781020183241164,0.0063163565068611,0.00817931320267552,0.00792262302352881,0.010404929116967,0.0115664543139047,0.00562347383005127,0.00770269890322462,0.0105514932266096,0.0141304225066277,0.00681413864864193
"78","B-4:7:1","B-1-43",6,"IP 7922",3,0.00992904746267758,0.00168930400552206,0.00245905073038625,0.00229315539540242,0.00997318563347129,0.00517355882658457,0.00273693400172051,0.00906322186075878,0.00374996414287154,0.00495238077757506,0.00438286529157765,0.00372484104628965,0.00733958978299231,0.00193243354172361
"77","B-4:8:1","B-1-44",22,"IP 10339",3,0.0113036367587048,0.00467884063292778,0.00631766998196807,0.00480186030563705,0.0104011869404612,0.00502495258560424,0.00434641854522994,0.00777459413451405,0.00639896223189031,0.00504846061514179,0.0120805281122391,0.00850995322761314,0.008173268404931,0.00306137350458894
"76","B-4:9:1","B-1-45",40,"PT 732B-P2",3,0.0103400181471665,0.00241625556793339,0.00602219451518229,0.00213095749282245,0.00671439951761671,0.00531059800619967,0.00454569412315135,0.00796235953851972,0.00731044611725722,0.00443317133870293,0.00764836740795056,0.00529511783747909,0.00648365431684481,0.00317838723332889
"63","B-5:10:1","B-1-58",1,"Tift 383",3,0.0102595234678989,0.00274712058094541,0.00474017001386337,0.00477471103544911,0.00937283631246603,0.00716114477054612,0.00709723370056734,0.00652132465132318,0.00718960854590037,0.0034561325613532,0.00802220218153221,0.00531966702858876,0.00586350331649438,0.00359231958779671
"62","B-5:11:1","B-1-59",36,"IP 15872",3,0.0130079153637398,0.00283116546395195,0.00780254506151523,0.00813419676530869,0.00954128252230197,0.00917400248656232,0.00362362888243469,0.0101918113044858,0.0109330334435822,0.0069833914346379,0.0143969514749582,0.0151667399326877,0.0120653918168883,0.00765997780136744
"61","B-5:12:1","B-1-60",24,"IP 17150",3,0.0152024117454508,0.0031312501731595,0.0025756740889363,0.0078848728065896,0.011212249722028,0.003220377007105,0.00787240500310522,0.00955147289952816,0.0100348460046592,0.00426864251905219,0.0112473405435933,0.00960411265386285,0.00891094777066357,0.00676328928996941
"72","B-5:1:1","B-1-49",3,"IP 3106",3,0.00783324048700769,0.000362115004467113,0.00487370697516685,0.00367882888399218,0.00436158307982048,0.00183552356691275,0.000872686776268136,0.0111803243699736,0.010036365042907,0.00959795634152045,0.01108636655194,0.0101757169420508,0.0118695263036219,0.015543194276716
"71","B-5:2:1","B-1-50",34,"IP 10543",3,0.0119728485334819,0.000456232814600335,0.00432743664240753,0.00640003984159909,0.00933578361499318,0.00702110386390934,0.00710659478866297,0.00827536758504992,0.00757581060630704,0.00280590810624788,0.00894110605477164,0.0063664723528797,0.00691283750370152,0.00466994275216132
"70","B-5:3:1","B-1-51",20,"GICKV 93191 (=ICMV 93191)",3,0.0108382382116925,0.0018475546735388,0.00344653888232631,0.0058181471037516,0.00726888376882919,0.00563217848958891,0.00356495864727734,0.00870950504148206,0.00784067159517387,0.00512558300669341,0.0103597284780556,0.00879314797741762,0.00982995295753143,0.00907309936927722
"69","B-5:4:1","B-1-52",38,"IP 7941",3,0.0106690830174069,0.00184512560425193,0.00473738829754224,0.00927550593871098,0.010144933541901,0.00812630440768314,0.00679609124437104,0.00859632593277906,0.00844527793207404,0.0064498618409526,0.0111241273393536,0.0078734510310943,0.00709269147388917,0.0072034661054808
"68","B-5:5:1","B-1-53",14,"IP 18157",3,0.0152727670242342,0.0018103026696682,0.00676671647523098,0.00439455162463385,0.0103092249653162,0.0114955747339619,0.0018149935307705,0.0149780616396322,0.0137300508263094,0.0102827225672555,0.0124556865416806,0.0120727455417556,0.0180818295328227,0.00717363095658884
"67","B-5:6:1","B-1-54",9,"IP 18090",3,0.0113431586132443,0.00226377970076973,0.00648222682813992,0.00280274459886248,0.0128313901063435,0.00753467633917152,0.00716654452688242,0.008231742849188,0.0082271129257534,0.00537208564270299,0.00786452852982733,0.00625284919353917,0.00802302547769327,0.00768731789146539
"66","B-5:7:1","B-1-55",8,"IP 17720",3,0.0114116854941843,0.00199131224263541,0.00326564363156795,0.00411680696483687,0.00580534769193464,0.00754056651260944,0.00239656122385426,0.00940200044212729,0.00960490079052572,0.00545827150945723,0.0093326508847631,0.00801873737295684,0.00795386778501224,0.00591488980504063
"65","B-5:8:1","B-1-56",31,"IP 3110",3,0.0115379486233454,0.00275461376740561,0.00685270068281837,0.00788551065739814,0.00803640382261084,0.00675563054290192,0.00491573012951754,0.00703270168069689,0.00727679186574695,0.00343268279012333,0.00822412502473259,0.00587244219815126,0.00545817036644068,0.00350479260501492
"64","B-5:9:1","B-1-57",28,"IP 11346",3,0.0100031221391565,0.00342653270997965,0.0052369732326454,0.00737912038908844,0.00826364011517797,0.00477567172918921,0.00547747839105107,0.00760652779935605,0.00684118745485998,0.00354217376918523,0.00999391205291301,0.00793127730788128,0.00784781747406098,0.00446368478876602
"51","B-6:10:1","B-1-70",13,"IP 3122",3,0.0124725422823869,0.00249872199719993,0.00331588771266222,0.0055793212187705,0.00968257289249534,0.00619421762323713,0.00690145633418111,0.00979327967378049,0.00848407822974206,0.0078422449818438,0.0111871111688528,0.0102290755476852,0.00920182893048662,0.0066901725123932
"50","B-6:11:1","B-1-71",32,"IP 9301",3,0.0144997862294879,0.00261780480374014,0.0061298641238014,0.00822176435474459,0.0108324808930669,0.00681560837873291,0.00872264904187551,0.00998247046259667,0.0115225599565423,0.00650372025156621,0.0120576706847352,0.00863120874167201,0.00883553895914102,0.00444564017280027
"49","B-6:12:1","B-1-72",21,"IP 8426",3,0.00927236742818072,0.00462947453201533,0.00578913588147136,0.00712387063018464,0.00826814734011346,0.00680902332542151,0.00591259490092559,0.0060878853874451,0.00533139009214911,0.00310221856130087,0.00708623111100186,0.00686891399183934,0.00525999045426049,0.00553943956208882
"60","B-6:1:1","B-1-61",19,"IP 21169",3,0.0129082970472991,0.00472703094916488,0.00508757462541775,0.0100420407907995,0.00947995133778481,0.00681592057671974,0.00364176176783711,0.00750038075732379,0.0075104187475017,0.00217593806543319,0.00817203612789813,0.009531443016448,0.00828595334401996,0.00605426668518501
"59","B-6:2:1","B-1-62",4,"IP 8767",3,0.00840486124820623,0.0021262060972168,0.00214069019517617,0.00502268516412436,0.00758068802670811,0.0037194862447836,0.00315261067036082,0.00440425110726783,0.00669061239423468,0.00274263046299438,0.00793602687154158,0.00439474406778356,0.00685666686695197,0.00534231465474437
"58","B-6:3:1","B-1-63",12,"IP 8955",3,0.0111128861946825,0.00136701255437388,0.00294000306001575,0.00371932788430366,0.0112176378602002,0.00553634665829611,0.00401040436859738,0.0122271450143447,0.00796696311688522,0.0058199441026537,0.00915532212795166,0.0111371522959982,0.00723929413022389,0.00949712860889336
"57","B-6:4:1","B-1-64",37,"IP 11218",3,0.0136097807192804,0.00197908632029655,0.00499991904025969,0.00764182520732119,0.00894462462188355,0.0110204418376176,0.00350214626992805,0.00820536805307739,0.00860123836886038,0.00536966896422072,0.00983899811652681,0.0089977880638603,0.0118877295518358,0.00576650123924877
"56","B-6:5:1","B-1-65",27,"IP 9651",3,0.00849758960216692,0.00226764622895345,0.00552670861505396,0.00740807829188682,0.00676258755001228,0.00582184070256123,0.00288207638378285,0.00614726753430766,0.00662495069034869,0.00326595895254595,0.00522787629325865,0.00575929533823908,0.00578197652245852,0.00412561417217777
"55","B-6:6:1","B-1-66",7,"IP 7108",3,0.0121768268138587,0.00246003946718363,0.00476148437679197,0.00682568015877183,0.00951917888343468,0.0100135986816897,0.00142879468995459,0.0109563406994975,0.00991170044240464,0.00885260842218981,0.00410959668154772,0.00849560652273709,0.0070370178187037,0.0048732499832723
"54","B-6:7:1","B-1-67",30,"IP 9532",3,0.0106429892662573,0.002295982184853,0.00627590647604866,0.00529824978292989,0.00809484349561523,0.00888751990547421,0.00729002557774209,0.0081893019795318,0.00828810324633906,0.00380653100882543,0.0091416571134624,0.00966770868508407,0.0102328508568477,0.00844879715071663
"53","B-6:8:1","B-1-68",23,"IP 13459",3,0.0100079836314314,2.34474781871512e-06,8.8265900864891e-11,9.34884595450093e-05,0.00307320618181861,6.13552607877563e-08,1.93521899369198e-07,0.00112152498222617,4.49123156681781e-06,8.99261240426894e-05,2.64000010950548e-11,6.53515452572908e-12,3.90785103372528e-06,0.00258851217168594
"52","B-6:9:1","B-1-69",35,"IP 18389",3,0.0101663517656539,0.0014791431963537,0.00535647339810315,0.00671773576997234,0.0133218978729811,0.00636203034864078,0.00720323923923707,0.00836552424054319,0.00914925453671692,0.00418354192812385,0.00841069819990709,0.00654245521993336,0.00672852057775887,0.00804300759980182
"39","B-7:10:1","B-1-82",21,"IP 8426",5,0.00936726625916062,0.0015872108617466,0.0049351249803318,0.00571569668293308,0.00724458001236636,0.00648046104854777,0.00667779600801029,0.00624925529224261,0.0055725101283527,0.00329119725744264,0.00492823793954811,0.00420903026152334,0.00540123368450378,0.00436518197058993
"38","B-7:11:1","B-1-83",15,"IP 12839",5,0.0121461854965498,0.00345944783069688,0.00693953924178115,0.00720043265202404,0.00658447407182684,0.00847871398036,0.00762022690302329,0.00845614376035181,0.0112146924943893,0.00566251777212342,0.00944939287940698,0.00928139365480287,0.0115912768897645,0.00822256852432466
"37","B-7:12:1","B-1-84",3,"IP 3106",5,0.0133627104792458,0.0044904268948851,0.00904048517156163,0.0118087481838645,0.0120306059301022,0.0056163748687344,0.00900997132598506,0.0165548797157851,0.0187801605567666,0.0125174325804171,0.0272133278644676,0.0180223699103311,0.00628709731314669,0.00165391376469393
"48","B-7:1:1","B-1-73",25,"IP 10964",3,0.00962016686435945,0.00226249497975096,0.00410346258812199,0.00826774322894665,0.00663699196204444,0.00671489195952126,0.00699481180117857,0.00676655267435775,0.00672046748326918,0.00362533208478432,0.00564736303527066,0.00686423713000239,0.00832884047847875,0.00623388865821918
"47","B-7:2:1","B-1-74",17,"IP 12395",3,0.0126466375439616,0.00304090914271285,0.0061362717419422,0.00866536204983539,0.00785098097061246,0.00735527023163731,0.00845772774815569,0.00916609337079751,0.00895163425587318,0.00281171989350541,0.010295502301357,0.0106989511264306,0.0110034128518589,0.00633496490544085
"46","B-7:3:1","B-1-75",39,"IP 2058",3,0.00774393128429498,0.00442168677838597,0.00460528775928768,0.00431636331188817,0.009363984402137,0.00330064186999327,0.00274980118595267,0.00502314016686636,0.00456531778829762,0.00423091688542898,0.00364439140892308,0.00613834705031485,0.00783304070424727,0.00905153275518632
"45","B-7:4:1","B-1-76",15,"IP 12839",3,0.00882762671980896,0.00339067656447682,0.00319386994252347,0.00359962764094961,0.00839172982557867,0.00564756993466255,0.00565383130168849,0.00604956703774479,0.00542149286291419,0.00464789648359312,0.00775961478137667,0.00476211211084521,0.00713594054578309,0.00653323947572656
"44","B-7:5:1","B-1-77",10,"IP 4952",3,0.01195188813298,0.0028502625242671,0.00495310363349298,0.00696291183438057,0.00573124875410823,0.0105485320975522,0.004604036161734,0.00983956338345642,0.0092280820808583,0.00496721242858641,0.0115889691916241,0.00987911676703114,0.0134388489277681,0.0113902318136486
"43","B-7:6:1","B-1-78",2,"IP 11275",3,0.0122370373568263,0.000980837706696802,0.00622983933765577,0.00446305093395818,0.00957994503515361,0.00833400110170963,0.00754011460207868,0.0112524707939172,0.00854578729961056,0.00654983988551466,0.0110877708342164,0.0129801779018147,0.00981006121262438,0.00665722033158209
"42","B-7:7:1","B-1-79",33,"IP 3389",3,0.0110232500844621,0.00248604054213652,0.00356478921931671,0.00721595210710457,0.0105042457082055,0.00773660641360698,0.0054607356164772,0.00798916171597809,0.00558398750150392,0.00602321344836769,0.00911455837004728,0.00631733590717516,0.00803915821008536,0.00403204557942893
"40","B-7:9:1","B-1-81",35,"IP 18389",5,0.0130338952263387,0.00271584429398548,0.00817392041134229,0.00599214880798851,0.00746342986383968,0.00933545788649611,0.00977264650084758,0.0092301451282296,0.012313214040854,0.00672882700550461,0.0116373171074704,0.0120761621955573,0.0125059934069625,0.00865739154173712
"27","B-8:10:1","B-1-94",1,"Tift 383",5,0.00959969085457905,0.00158718683242945,0.00497809323463063,0.00494585304937312,0.00862983226448086,0.00594732301515612,0.00523066535219828,0.0051392019154024,0.00503889203024352,0.00402113885757687,0.00822802476699954,0.00646420784499769,0.00570829010950616,0.00604535403430617
"26","B-8:11:1","B-1-95",7,"IP 7108",5,0.0110840691353583,0.00385574466911254,0.00482954367114103,0.00613538812183831,0.0096869793411282,0.00639163442154904,0.00455381329281706,0.00768955251765923,0.00797086294231789,0.00502693752333491,0.00936258896878291,0.00773177638255852,0.00758278678399634,0.00360460326110917
"25","B-8:12:1","B-1-96",31,"IP 3110",5,4.33573217401234e-05,0.000118421027649391,1.35278063056493e-05,1.83759292885977e-06,4.42160236446984e-05,4.58810806597752e-05,0.00288096632219721,0.00598894214522462,0.00606094387212407,0.00296252716326892,0.00486724022288566,0.00505142494035476,0.00328743400653811,0.00785405240791734
"36","B-8:1:1","B-1-85",28,"IP 11346",5,0.00960556254966013,0.00111548017011108,0.00281876266030098,0.00302971910286595,0.012720163136137,0.00372748559028256,0.00092576884311195,0.00833487103023635,0.00841588744263027,0.00587700398786825,0.00169916182079254,0.0124205799491617,0.0155145137252459,0.0213071587545417
"35","B-8:2:1","B-1-86",11,"IP 8174",5,0.0092015821200289,0.00158305971421816,0.00406310064367103,0.00295431380537246,0.0013582434144345,0.00666055179261527,0.00524125773823691,0.0141231853577708,0.00678305240493574,0.00662594720120425,0.00656571216891865,0.00691995129193798,0.00967632215196298,0.0084413246034126
"34","B-8:3:1","B-1-87",38,"IP 7941",5,0.011894025247868,0.0021190661279177,0.00729669423591186,0.00441594618877078,0.0103107757252537,0.00948413265434784,0.00846634008936875,0.00991481907260921,0.00790721979391346,0.00321653460345098,0.0115503205611875,0.00954407906132237,0.0103069718079025,0.00596305282409629
"33","B-8:4:1","B-1-88",29,"IP 18412",5,0.0134748996571345,0.00185781542240249,0.00545591149049164,0.00609065732935961,0.01271694492377,0.00661594597710975,0.00619375196105321,0.0102972105447102,0.0104579762150868,0.0059701974711657,0.00594794625759288,0.0168267158849267,0.0148017457994007,0.0158128719455223
"32","B-8:5:1","B-1-89",19,"IP 21169",5,0.0124061799115468,0.00170772431631635,0.00596681078656238,0.00553773485418866,0.00881435198228675,0.00873631928513151,0.00405350574320494,0.00976063519863337,0.0089783698177275,0.00282845223333724,0.0105080533661301,0.00696185514971585,0.00802338457393073,0.00637779430304456
"31","B-8:6:1","B-1-90",5,"IP 5695",5,0.0129657417323829,0.0014279017740663,0.00509775203974974,0.00558183351872286,0.0110118802605661,0.00600815362555847,0.00871864384511186,0.0090633445947135,0.00934023198044931,0.00743087894977762,0.0115315948425156,0.0101824834487334,0.00940237285860737,0.00638283381525263
"29","B-8:8:1","B-1-92",26,"ICMB 90111-P6",5,0.00897824010236599,0.00307401825182662,0.00454602056351562,0.00509386956310651,0.00941789825497662,0.00642744663238922,0.0042274386026952,0.00662149079587376,0.00611788252381104,0.00300538245669708,0.00744468275042713,0.00552736170562107,0.00667189195877497,0.00561075359527575
"28","B-8:9:1","B-1-93",40,"PT 732B-P2",5,0.0141103615702015,0.00178870080384247,0.0130414316435781,0.00523381060617828,0.0086841736505908,0.00744597286714773,0.00308311532229598,0.00801917251666011,0.0105322251164018,0.0166594536967846,0.0191069592420398,0.0140717920701477,0.0145423712008658,0.0409482979465606
"15","B-9:10:1","B-1-106",16,"IP 12116",5,0.00932667534319274,0.00205220778950991,0.00337869148606893,0.00514164972360564,0.00689893229615237,0.00695467414449684,0.0049582200239609,0.00652627866380729,0.00639422633712271,0.0038138594280746,0.00623364641441594,0.0060669774828735,0.00676808005962682,0.00530138491538892
"14","B-9:11:1","B-1-107",6,"IP 7922",5,1.29594028439961e-05,1.36206356222576e-05,1.29536837239736e-05,1.36004196314601e-05,1.2918602286717e-05,1.35269405077725e-05,1.34677848053806e-05,1.33111759153453e-05,1.31369736740125e-05,1.2776496519586e-05,1.25135524043452e-05,1.20083096879785e-05,1.17571971136839e-05,1.13247421844941e-05
"24","B-9:1:1","B-1-97",33,"IP 3389",5,0.00666413118473984,0.00206697496131918,0.00128522249950674,0.00261213115525597,0.00650861146236948,0.0073177258411825,0.00378474765766118,0.00602622105820512,0.00473561706106677,0.00350812931007723,0.00639823882601018,0.00413187540409106,0.00653615784228156,0.00647523264653683
"22","B-9:3:1","B-1-99",9,"IP 18090",5,0.0141478432811932,0.00199570319805557,0.00576294505350994,0.00785332189617379,0.0114902655562574,0.0144040066124585,0.0028642749809757,0.0113404456479053,0.0139089539095906,0.0124663474249133,0.0136974916813691,0.0113243860397014,0.0150314048081185,0.00940045695609736
"21","B-9:4:1","B-1-100",17,"IP 12395",5,0.0149258673445937,0.00106728248516223,0.00641572279228724,0.00681796040770569,0.0124641189366499,0.00669436471012017,0.0050933966396413,0.00999310525303691,0.0075007949548073,0.00724424208824645,0.0115525670459316,0.0122697057477125,0.0125744687906667,0.00483156228245785
"19","B-9:6:1","B-1-102",12,"IP 8955",5,0.0100016807989975,0.000924008590761659,0.00333834372454313,0.00794768805567744,0.00929277717254708,0.00716260263914018,0.00551792514803678,0.00860086687544115,0.00793864541152456,0.00503239738938203,0.0121965273267152,0.00847619479077646,0.00926821895923068,0.00799760930734408
"18","B-9:7:1","B-1-103",36,"IP 15872",5,0.00723751416119098,0.00288901892124141,0.00284906196178643,0.00622160039782732,0.00554870054316295,0.00571737292619672,0.00462459392090373,0.00614518707866317,0.00360417070487912,0.00143247635522238,0.00399229599949578,0.00649808786029965,0.00642942895662417,0.00617280786159598
"17","B-9:8:1","B-1-104",20,"GICKV 93191 (=ICMV 93191)",5,0.00956252502622488,0.0033551001099777,0.00523337787238396,0.0061630879091359,0.00760455207276554,0.00603275645764539,0.0046222006169924,0.00613896982883512,0.00533748526493234,0.00181098662072152,0.00685087827966986,0.00595060968985355,0.00547051837698916,0.00416358571389616
"16","B-9:9:1","B-1-105",25,"IP 10964",5,0.00600346857566709,0.00257042865346043,0.00335728554158989,0.00453515646600259,0.00811602170987014,0.00707599803086984,0.00518153770795988,0.00730044440165234,0.00781929483540307,0.00635932885383491,0.00945338515885975,0.00629671820170762,0.00650724042458594,0.00377688616816414
